time	data	mean	q025	med	q975	x_mean	x_q025	x_med	x_q975	osi
1	0.0	2.066603331514807e-07	2.0653584641465523e-07	2.066672496519714e-07	2.0676505464367682e-07	0.00011539913211013693	0.0001151267126091391	0.00011541789653498497	0.00011555823378726722	0.0
2	0.0	2.469255563162895e-07	2.466529954565469e-07	2.469475306541304e-07	2.471427076614189e-07	0.00011545041155252404	0.00011492658046973175	0.00011549416128415413	0.00011576736486561906	0.0
3	0.0	2.9460925031469317e-07	2.94131896801913e-07	2.946331558604042e-07	2.949746292380506e-07	0.00011554177358906513	0.00011476650351447078	0.00011561099713428669	0.00011601736715248749	0.0
4	0.0	3.5105759394982926e-07	3.5030608613244324e-07	3.511010488369291e-07	3.5161846454199246e-07	0.00011567989834320396	0.00011465285994775694	0.00011577184312704493	0.00011631624254542724	0.0
5	0.0	4.177571956593143e-07	4.166452124676005e-07	4.1784109413939943e-07	4.1858123106177215e-07	0.00011587253162739233	0.0001145930219979164	0.0001159847949272633	0.00011667198063607745	0.0
6	0.0	4.96412753327272e-07	4.948334945992995e-07	4.965547511586615e-07	4.975783222502394e-07	0.00011612865439340909	0.00011459552287416954	0.00011626113525759908	0.00011709218980989001	0.0
7	2.0266674173404842e-07	5.890138354511024e-07	5.868352207272964e-07	5.892319922931755e-07	5.906169272548432e-07	0.00011645870259283985	0.00011467026967983465	0.00011661131605257807	0.00011758762737121967	0.11109999999999999
8	5.73833292896857e-07	6.979673135776581e-07	6.950252491905226e-07	6.98277213370806e-07	7.001283521036896e-07	0.00011687490120034142	0.00011482882978086366	0.00011704758556972542	0.00011817090955918912	0.11109999999999999
9	5.73833292896857e-07	8.258411004829207e-07	8.219346907336041e-07	8.262675118773026e-07	8.287073603242765e-07	0.00011739140296213735	0.00011508456664460115	0.00011758662785122805	0.00011885665690679468	0.11109999999999999
10	6.076666749024766e-07	9.756613936462163e-07	9.70545636083932e-07	9.762354349730948e-07	9.7941238521842e-07	0.00011802467620265152	0.00011545300702785214	0.00011824353884583008	0.00011966189761103429	0.11109999999999999
11	6.413333830182191e-07	1.150987135027041e-06	1.1443616621343892e-06	1.1517486712783253e-06	1.155841780452156e-06	0.00011879404093027869	0.00011595234183246083	0.00011903699527383458	0.00012060663368200127	0.11109999999999999
12	9.446666987998265e-07	1.3558090189232345e-06	1.3473122540782148e-06	1.3568038245921385e-06	1.3620331329239573e-06	0.00011972211964677751	0.00011660381118448258	0.00011998976722100498	0.00012171430385874578	0.11109999999999999
13	1.248000014581434e-06	1.5945941874299098e-06	1.5837902484061152e-06	1.5958844724311498e-06	1.6025076850998677e-06	0.00012083533758837874	0.000117432189232612	0.00012112845652886817	0.00012301230883630113	0.14505
14	8.430000814130057e-07	1.8725443604866728e-06	1.858904399869489e-06	1.8742024349580016e-06	1.882534379553149e-06	0.00012216485618588976	0.00011846666590653805	0.0001224844328568959	0.0001245329928209604	0.197516667
15	2.4296666562706444e-06	2.195590587067018e-06	2.1784853740438217e-06	2.1977012198042447e-06	2.208119442558673e-06	0.00012374761294251964	0.00011974176101859108	0.00012409489380301342	0.00012631471695631944	0.24998333299999997
16	3.7125000961969593e-06	2.5702590633447327e-06	2.5489379646841616e-06	2.572923840326584e-06	2.585877573568448e-06	0.00012562719437543565	0.00012129815343142673	0.00012600374073811504	0.00012840277381698478	0.31171666699999995
17	3.6450000060755973e-06	3.0040958381505725e-06	2.9776592979022607e-06	3.0074399293484733e-06	3.023465083607749e-06	0.00012785570989736684	0.00012318444550197443	0.00012826346231834405	0.0001308513517862647	0.37345
18	4.556666692319189e-06	3.5055951494883908e-06	3.4729853846423622e-06	3.5097632624137796e-06	3.529493569420862e-06	0.00013049572900037821	0.00012545888967051223	0.00013093305194687645	0.000133725533292314	0.435183333
19	6.0699999959496014e-06	4.084110953611482e-06	4.044076861001377e-06	4.0892765475704755e-06	4.1134602098260185e-06	0.00013362232714930926	0.00012819132740749943	0.0001340890639250915	0.000137103440787955	0.462966667
20	8.403333396789574e-06	4.750407750996951e-06	4.701468003442363e-06	4.756779048923561e-06	4.786299722437837e-06	0.00013732717517852581	0.00013146697795061494	0.00013782467426528118	0.00014108049340211856	0.47223333300000003
21	1.576666668016799e-05	5.5163133779096166e-06	5.456745028736984e-06	5.524128785111779e-06	5.560018788375793e-06	0.00014172204770442236	0.00013538961900652768	0.00014225191962579436	0.0001457730344350745	0.4815
22	1.8699999959496017e-05	6.395027813554325e-06	6.32279708464476e-06	6.404604919442732e-06	6.448049446841998e-06	0.00014694477774177702	0.00014008720669710027	0.0001475088744894885	0.00015133413217331072	0.4815
23	2.215000002025199e-05	7.401416941788536e-06	7.314164804863797e-06	7.413094865172891e-06	7.46549752380599e-06	0.00015316724208658698	0.0001457191490073683	0.00015376772271081306	0.00015793842800622762	0.4815
24	2.4883333340084e-05	8.55165051985489e-06	8.446630987787202e-06	8.565830351850162e-06	8.628822552358469e-06	0.00016060436992037855	0.0001524847262589336	0.00016124367256142375	0.0001658113070477018	0.4815
25	3.0466666639664013e-05	9.86398152695938e-06	9.738004770593814e-06	9.881131612412875e-06	9.956606211434559e-06	0.0001695300653449447	0.00016063779658334116	0.00017023068719720352	0.00017523905588582117	0.4815
26	3.5016666578908036e-05	1.1358174457276233e-05	1.120757048704497e-05	1.1378831760900547e-05	1.1468972483048615e-05	0.0001802936657187762	0.00017050200676287916	0.00018108901154845317	0.0001865870203035696	0.4815
27	3.4e-05	1.3056282992578864e-05	1.2876798916892443e-05	1.3081081416823684e-05	1.3188409449465245e-05	0.00019335026375781993	0.0001824989485900212	0.00019426217037695284	0.00020033293857012568	0.496933333
28	3.834999997974801e-05	1.4982222015246151e-05	1.4768993014964602e-05	1.5011875609781081e-05	1.5139280541066643e-05	0.00020929439002555645	0.00019717918268925691	0.00021028443394776358	0.00021713176690772476	0.543233333
29	4.5100000081007966e-05	1.716234349993137e-05	1.6909767454587423e-05	1.719769387677085e-05	1.7348529256433822e-05	0.0002289195398884347	0.00021527759783077072	0.000229956156049698	0.00023776301978526828	0.604966667
30	5.093333327932802e-05	1.9625177079100768e-05	1.9326901364706257e-05	1.9667165750442065e-05	1.9845373046453307e-05	0.00025329108181079924	0.00023778051593677558	0.0002543678938194963	0.0002633296939492077	0.6667000000000001
31	5.0283333259076035e-05	2.2401873276224172e-05	2.2050625977976452e-05	2.2451595975475397e-05	2.2661545954378452e-05	0.00028387001785627015	0.00026604097209009467	0.0002849740137814135	0.000295385429786926	0.7284333329999999
32	5.334999997974801e-05	2.5525997407191253e-05	2.5113548955847144e-05	2.558468864338894e-05	2.5831343974123338e-05	0.00032268184673944116	0.0003019342297016852	0.00032406747587136915	0.00033625135855424194	0.7901666669999999
33	5.6383333340084e-05	2.903385379269501e-05	2.8550883424884786e-05	2.910291363198124e-05	2.939189687627303e-05	0.00037258810773286064	0.00034811040738874416	0.0003745751145460527	0.00038886859573052676	0.836466667
34	5.493333327932803e-05	3.296438397868909e-05	3.240037930635715e-05	3.304539735502593e-05	3.338305864710569e-05	0.00043770190184583453	0.00040837888088629954	0.0004403623136016168	0.00045757919758764823	0.8519
35	5.8300000040503985e-05	3.7359256135967395e-05	3.67023981618136e-05	3.745400065382256e-05	3.784748933266798e-05	0.0005240478713481118	0.0004883207510778334	0.0005276592343120595	0.0005487984706251101	0.8519
36	6.269999995949602e-05	4.226283666140771e-05	4.1499878708385735e-05	4.237329871422864e-05	4.283063726825384e-05	0.0006406327178026255	0.0005962820997861889	0.0006442568044956625	0.0006718728144515844	0.8519
37	6.7116666659916e-05	4.772209212798171e-05	4.683824020481205e-05	4.7850476381267934e-05	4.8380635649847056e-05	0.0008012177646141656	0.0007450200164517461	0.0008051656096508708	0.000842339436301774	0.8519
38	7.033333340083997e-05	5.378639805157598e-05	5.276519415972413e-05	5.393512946158036e-05	5.45481013255162e-05	0.0010273241216142294	0.0009544956812383763	0.0010321748083465475	0.0010817853206394816	0.86115
39	7.184999997974801e-05	6.050718375189067e-05	5.9330397433702996e-05	6.067889787197832e-05	6.138575770439801e-05	0.001353459958458428	0.0012567365344942725	0.001360232506561369	0.0014299198190855472	0.8704
40	7.634999997974801e-05	6.79372820015364e-05	6.658482904306552e-05	6.813478592911298e-05	6.894772902196586e-05	0.0018364447251156299	0.0017045227368116293	0.0018449490802100068	0.0019487927813052128	0.8796499999999999
41	7.510000008100796e-05	7.612975462006623e-05	7.457967084713112e-05	7.63559434656727e-05	7.728826560858849e-05	0.00257251210155446	0.002387341523222242	0.002576980455212652	0.0027395594297824335	0.8889
42	7.766000004860478e-05	8.513572200970478e-05	8.336425301590147e-05	8.539339961060723e-05	8.645934439929781e-05	0.0037295573749366096	0.0034607008026960994	0.0037278906084157438	0.003986877308868812	0.89815
43	0.00011762966661576665	9.500018599694866e-05	9.298212877460349e-05	9.529170341636328e-05	9.65060096305313e-05	0.005609648612953293	0.005194055152811132	0.005608645014149069	0.006021117329517342	0.9074
44	0.00013278200007047693	0.00010575370778659834	0.00010346330241246503	0.00010608023311797508	0.00010745698013931152	0.008773340546278008	0.008080311799545166	0.008750309294548677	0.009457393445807606	0.9074
45	0.0001448373333716771	0.00011739522937562316	0.0001148082851600624	0.00011775526693279278	0.00011930505811955509	0.014291830533701064	0.013089744706563194	0.014200239305215353	0.01548439198639918	0.9074
46	0.00016667066656999717	0.00012985567369309565	0.00012695449929882313	0.0001302471721158192	0.00013196524623219566	0.024261450178512195	0.022195606435284104	0.02418528051679149	0.026432508351119204	0.9074
47	0.00018243683343101543	0.00014292022302417592	0.00013970483663661759	0.0001433543422491918	0.00014529110503809874	0.04282546817123014	0.03929352657515593	0.04282478019519313	0.04689204903339348	0.9074
48	0.00020160866671824174	0.00015606782996284928	0.00015261831978770243	0.0001564593111320279	0.00015869720706420632	0.07798877228049601	0.07155441232494915	0.07792081299853243	0.08574980863557886	0.9074
49	0.00017490966659956507	0.00016818164308027452	0.0001645829407840477	0.0001685927069016832	0.00017098413263759565	0.14375367362503375	0.13173186454895605	0.14294701711961327	0.15836384388248473	0.9074
50	0.0001705218332669743	0.00017722524489170618	0.0001737124349144055	0.0001773715534270408	0.00018020729588109856	0.258275866817754	0.23801659012974083	0.25610616547176246	0.2831976368628995	0.9074
51	0.00017224316667429493	0.00018055329515028146	0.0001770815708055231	0.00018036272452900783	0.00018390987970185246	0.42739442914889786	0.3997465457970584	0.4245381195185093	0.4620218834668041	0.9074
52	0.0001553931666945469	0.00017690718533236476	0.00017384052275893906	0.0001766984347048044	0.00018049411291604632	0.6189473502764945	0.5908592298560665	0.6186007298528479	0.6540342353183359	0.9074
53	0.0001408436665744526	0.00016842977604069045	0.0001651755838984362	0.00016841550697102752	0.00017186596300118736	0.7785250931723902	0.757426719504776	0.7800976717471366	0.8048542534853187	0.9074
54	0.00011789516657870552	0.00015872901002884573	0.00015567620219586635	0.0001587243991010924	0.00016191162654143838	0.8814559280388471	0.8687080648375687	0.8823906363995069	0.8976485478452085	0.9074
55	0.00011475616663014558	0.00014971781757081392	0.00014697093609699613	0.00014969157871037056	0.0001527112818386843	0.9383130333634137	0.931285880462473	0.93885363695927	0.9473403801971961	0.9074
56	0.00012241816676542886	0.00014161466564215693	0.00013902856320264218	0.00014151268267695717	0.0001444751886175016	0.9676810058293036	0.9638221485353776	0.9679901803826372	0.9725006037587117	0.9074
57	0.00011563383326049368	0.00013415203372085636	0.0001316446563074037	0.00013398433872537156	0.00013690489063290903	0.9826463873011154	0.9805117428256158	0.9828033512377168	0.9852476956436667	0.9074
58	0.00011173383334150164	0.00012710725820102908	0.0001246426881071006	0.0001269008753783597	0.00012976095223589648	0.9903762416968607	0.9891597833807437	0.9904450471384616	0.991818508044076	0.9074
59	0.00012186150007310969	0.00012036295826618732	0.00011795031135466145	0.0001201959634634323	0.00012291970382578604	0.9944728747145934	0.9937600001987853	0.9945001639260912	0.9953101992190855	0.9074
60	0.00012179483335243772	0.00011386682095988667	0.00011151265771390153	0.00011374399185184797	0.00011632695565080495	0.9967114831202923	0.9962781964007187	0.9967299586512399	0.9972174300292083	0.9074
61	0.0001082298333706645	0.00010759809714506205	0.0001053072972068176	0.00010750344640800495	0.00010996162946523742	0.997974591102624	0.9977016301807012	0.9979851420876702	0.9982916104814208	0.9074
62	8.932000009720956e-05	0.00010154990117276166	9.932622771263589e-05	0.00010146143166784394	0.0001038169998183864	0.998710327046173	0.9985320667353946	0.9987173524169664	0.998914639144062	0.9074
63	8.19609999299281e-05	9.572095094913698e-05	9.35673577307413e-05	9.562925888156193e-05	9.789207968048616e-05	0.9991522963775209	0.9990324517021418	0.9991552344848187	0.9992883386349546	0.9074
64	7.669433324976011e-05	9.011187103790346e-05	8.803066720664151e-05	9.003550556679028e-05	9.218780869526714e-05	0.9994257408986197	0.9993428857290242	0.99942689268319	0.9995211906180883	0.9074
65	6.4616666659916e-05	8.472356563710991e-05	8.271650843176259e-05	8.467583815808753e-05	8.670539231000183e-05	0.9995997207869497	0.9995409752964667	0.9996005360663593	0.9996684804930909	0.9074
66	6.271666674092397e-05	7.955651785892604e-05	7.76248712450264e-05	7.952923721810386e-05	8.144559151556788e-05	0.9997133797338172	0.9996706774399983	0.999713962479508	0.9997646014861836	0.9074
67	6.396666663966401e-05	7.461050543468479e-05	7.27550823039302e-05	7.460132204637903e-05	7.64084364331263e-05	0.9997894998201364	0.9997576996833027	0.999789791325331	0.9998281872760374	0.9074
68	5.839999991899203e-05	6.988450738924441e-05	6.81057085160336e-05	6.988080638706235e-05	7.159313000029067e-05	0.9998416809467936	0.9998174616417882	0.9998417282591465	0.9998714862755336	0.9074
69	5.523333331983201e-05	6.537669964024178e-05	6.367454441795833e-05	6.536535053009877e-05	6.699805226757872e-05	0.9998782419777639	0.9998594017031823	0.9998781980773552	0.9999016581664572	0.9074
70	5.2383333340084e-05	6.108448245102195e-05	5.945862667472338e-05	6.106399718046503e-05	6.262078318932986e-05	0.9999043834639093	0.9998894317717915	0.9999043610168374	0.9999231222367835	0.9074
71	4.606666672067198e-05	5.700456186598805e-05	5.545437648983745e-05	5.697201732974313e-05	5.8456401999670196e-05	0.9999234344317138	0.9999113507903805	0.9999234182720194	0.9999386904261907	0.9074
72	4.233333340083997e-05	5.3132957863406674e-05	5.1657465026434166e-05	5.309011516065384e-05	5.4502445819004436e-05	0.9999375626633334	0.9999276255909177	0.9999375198584795	0.9999501861371889	0.9074
73	4.131666661941202e-05	4.9465171811235766e-05	4.806318439979121e-05	4.942850656729178e-05	5.0755131569314794e-05	0.9999482150797053	0.9999399105401733	0.9999481586561247	0.9999588178123602	0.9074
74	3.889999991899203e-05	4.599611902596405e-05	4.466625061450484e-05	4.597522835360987e-05	4.7209628822709955e-05	0.9999563670085477	0.9999493268059397	0.9999562992917408	0.9999653984826087	0.9074
75	3.3566666720671975e-05	4.272029716552888e-05	4.14607672117927e-05	4.270706867374233e-05	4.3860407561229025e-05	0.9999626939764141	0.9999566387269477	0.9999626225927842	0.9999704880065844	0.9074
76	3.4316666619412016e-05	3.963192793156137e-05	3.8441051606198115e-05	3.962452204258009e-05	4.070149017055406e-05	0.9999676686524558	0.9999623953763449	0.9999675957909548	0.9999744760655002	0.9074
77	4.343333327932802e-05	3.672473089980772e-05	3.560096092301721e-05	3.671705617833468e-05	3.772700834410874e-05	0.9999716256607165	0.9999669799384197	0.9999715514665193	0.9999776383533003	0.9074
78	4.0383333340084e-05	3.399229112959924e-05	3.2937032996369336e-05	3.39807630616568e-05	3.49303435727919e-05	0.9999748079233529	0.9999706689614991	0.9999747389256917	0.9999801737974163	0.9074
79	3.5516666578908034e-05	3.142807554060588e-05	3.0438655695928216e-05	3.141351931942181e-05	3.230469958100439e-05	0.9999773927198445	0.9999736687595187	0.9999773294962097	0.9999822269113147	0.9074
80	3.2983333421091964e-05	2.902519797397299e-05	2.8098736890846422e-05	2.9008044253301013e-05	2.984359447466291e-05	0.9999795109773116	0.9999761297122509	0.9999794532409791	0.9999839045512052	0.8950499999999999
81	3.233333340083997e-05	2.6776814182769902e-05	2.5910326668750092e-05	2.675751124684764e-05	2.753995138495417e-05	0.9999812613743818	0.9999781647801756	0.9999812092395608	0.9999852867331372	0.8827
82	2.868333338058798e-05	2.4676114305521427e-05	2.3866908258448125e-05	2.4655297845432637e-05	2.5386657019043907e-05	0.999982718654336	0.9999798609055501	0.9999826720155558	0.9999864338575043	0.8703500000000001
83	1.646666663966401e-05	2.271607678769444e-05	2.1960450482845857e-05	2.269402413674015e-05	2.3377046096805904e-05	0.9999839399873747	0.999981283996158	0.9999838985327929	0.9999873921773426	0.858
84	1.468333338058798e-05	2.0889844475535987e-05	2.018486866688035e-05	2.086743682495725e-05	2.150401537118997e-05	0.9999849698430061	0.9999824851473522	0.9999849334390691	0.9999881974715968	0.84565
85	1.546666663966401e-05	1.919070695398222e-05	1.8533987297014478e-05	1.916844040822879e-05	1.976053654345845e-05	0.9999858429827863	0.9999835048076757	0.9999858114657123	0.9999888776260073	0.8332999999999999
86	1.586666676117596e-05	1.761185361587904e-05	1.7000743387886726e-05	1.758980290690753e-05	1.814011600719257e-05	0.9999865867962956	0.9999843746487069	0.9999865542848317	0.9999894546374845	0.8332999999999999
87	1.481666661941202e-05	1.6146727174308247e-05	1.557870947135277e-05	1.612495460199327e-05	1.663594385219153e-05	0.9999872231731708	0.9999851198919519	0.9999871846328967	0.9999899460055405	0.8332999999999999
88	1.5083333299580016e-05	1.4788995628409913e-05	1.4261817527499017e-05	1.4767765332902785e-05	1.5241365239043867e-05	0.9999877696917914	0.9999857610011758	0.9999877252711143	0.9999903657448577	0.8332999999999999
89	1.4165000062781173e-05	1.3532307544171225e-05	1.3043512815562965e-05	1.3512372267420227e-05	1.3950312872905308e-05	0.9999882405568765	0.9999863144447109	0.9999881903749923	0.9999907251955715	0.8332999999999999
90	1.389833338261318e-05	1.2370615562781706e-05	1.1917884660045275e-05	1.2354903474586562e-05	1.2756500638887767e-05	0.9999886473878706	0.9999867936390585	0.9999885915614551	0.9999910340975503	0.8332999999999999
91	1.1298333301605214e-05	1.1298152830659011e-05	1.0879438329198833e-05	1.1286062490671332e-05	1.1653830978359089e-05	0.9999889997349013	0.9999872097038717	0.9999889432887633	0.9999912991078269	0.8332999999999999
92	9.913333425142361e-06	1.0309186292356654e-05	9.922284018036843e-06	1.0300146915233795e-05	1.0636823824303907e-05	0.999989305482807	0.9999875718015017	0.9999892498867284	0.9999915190240909	0.8332999999999999
93	9.779999983798407e-06	9.398299012838334e-06	9.041122082331876e-06	9.391966290663853e-06	9.699865843748614e-06	0.9999895712103545	0.9999878875399847	0.9999895164177339	0.9999917070949128	0.8332999999999999
94	9.863333283378421e-06	8.560395401451562e-06	8.231133790164702e-06	8.556346923507975e-06	8.837514532700799e-06	0.9999898024336731	0.9999881633387779	0.9999897528614776	0.9999918751503714	0.8332999999999999
95	1.1048333402865171e-05	7.790445679744264e-06	7.487186616123792e-06	7.786289332715392e-06	8.044955248466162e-06	0.9999900037903419	0.9999884045974422	0.9999899598790278	0.9999920209860039	0.8332999999999999
96	8.883333340083996e-06	7.083711669410509e-06	6.804610282012571e-06	7.07925839166783e-06	7.317328681701903e-06	0.9999901792138693	0.999988615869982	0.9999901408284324	0.9999921464895521	0.8332999999999999
97	9.118333398814773e-06	6.435807572786617e-06	6.179294703865932e-06	6.43125535147915e-06	6.649881353302762e-06	0.9999903320584451	0.9999888010538514	0.9999902988615559	0.9999922537451814	0.8332999999999999
98	8.983333421091963e-06	5.842434375250198e-06	5.606911406045618e-06	5.837825886406876e-06	6.038471106691201e-06	0.9999904651869466	0.9999889634868543	0.9999904293991675	0.9999923450306827	0.8147833329999999
99	7.908333410965968e-06	5.299529323427774e-06	5.083330354611021e-06	5.294826562714595e-06	5.479020087739175e-06	0.9999905810594235	0.9999891060200572	0.9999905427007009	0.9999924236663135	0.796266667
100	6.5166665789080374e-06	4.803398975195669e-06	4.6051838098792155e-06	4.798895751438095e-06	4.967459371909803e-06	0.9999906818024117	0.9999892311032064	0.9999906408884088	0.9999925034926325	0.77775
101	4.691666670041998e-06	4.350460494343865e-06	4.1689558913301535e-06	4.347041428031738e-06	4.500268843696381e-06	0.9999907692538177	0.999989340848294	0.9999907257898063	0.9999925723864995	0.7592333330000001
102	4.759999927092831e-06	3.937295334541925e-06	3.7711281958037725e-06	3.934768348015554e-06	4.074131119896547e-06	0.9999908450083121	0.9999894371524586	0.999990803748721	0.9999926316588288	0.740716667
103	3.511666767251558e-06	3.5608380548740788e-06	3.4088641678783e-06	3.559151542198809e-06	3.6856471899037984e-06	0.9999909104583137	0.9999895216234935	0.9999908683371903	0.9999926824461326	0.7222000000000001
104	3.005000014176394e-06	3.218176717953442e-06	3.0793957120037843e-06	3.2171734791898183e-06	3.331834315702672e-06	0.9999909668198995	0.9999895956759425	0.9999909187955978	0.9999927257397447	0.7222000000000001
105	2.5333333603359886e-06	2.9064988854319484e-06	2.77978475215653e-06	2.9059885537390363e-06	3.0100510200276577e-06	0.9999910151555906	0.9999896605444202	0.9999909676709823	0.9999927627861563	0.7222000000000001
106	2.2633334048903697e-06	2.6232720211789188e-06	2.5076356085969943e-06	2.6230747270638996e-06	2.7175694159211777e-06	0.999991056398794	0.9999897173046928	0.9999910094550049	0.9999927942714012	0.7222000000000001
107	3.173333352235192e-06	2.3661815280634383e-06	2.2608127862029817e-06	2.3659890850248757e-06	2.451861773196907e-06	0.9999910913716734	0.9999897635291267	0.9999910449727171	0.9999928205714104	0.7222000000000001
108	3.240000072907169e-06	2.1329808299266684e-06	2.037046860285941e-06	2.1327367492686646e-06	2.2108154567253273e-06	0.9999911207965922	0.9999898027797806	0.9999910781378611	0.9999928390263062	0.7222000000000001
109	3.57833328540362e-06	1.9215851786130873e-06	1.8342213636186918e-06	1.921236244706264e-06	1.992354598593335e-06	0.9999911453097191	0.99998983639538	0.9999911084379878	0.9999928491007781	0.7222000000000001
110	3.4766666680167995e-06	1.7301664955023505e-06	1.6505970039313514e-06	1.7297556372266097e-06	1.7943903564811334e-06	0.9999911654743308	0.9999898618617703	0.9999911343905752	0.9999928555612879	0.7222000000000001
111	3.4766666680167995e-06	1.5569864225850225e-06	1.4846046105958501e-06	1.5566046594061541e-06	1.6151632219973723e-06	0.9999911817881624	0.9999898815695681	0.999991156498889	0.99999285880934	0.7222000000000001
112	3.5449999250676313e-06	1.4003779960418472e-06	1.334563932248002e-06	1.3999467779120708e-06	1.4531411130810622e-06	0.9999911946901251	0.9999898974313821	0.9999911752040664	0.9999928592031874	0.7222000000000001
113	2.464999900765242e-06	1.2588588538738662e-06	1.198996727348378e-06	1.2584294416168654e-06	1.3067708246422527e-06	0.9999912045687438	0.9999899098861037	0.9999911908983223	0.9999928570592839	0.7222000000000001
114	2.398333382613179e-06	1.131115225642543e-06	1.0767195058530703e-06	1.1307782461689919e-06	1.174536285620299e-06	0.9999912117691828	0.9999899193263136	0.9999912039308475	0.9999928526554586	0.7222000000000001
115	1.958333350209993e-06	1.0158782242954492e-06	9.665413408955123e-07	1.015624826814588e-06	1.0551780605793556e-06	0.9999912165967197	0.9999899259825635	0.9999912146092119	0.9999928462404712	0.7222000000000001
116	1.6550000344283856e-06	9.11950797431019e-07	8.671915897085517e-07	9.116950170528522e-07	9.475923089634104e-07	0.9999912193209147	0.9999899302495063	0.9999912116324866	0.9999928406006764	0.7222000000000001
117	1.6883333947643742e-06	8.182977679469237e-07	7.776714378737287e-07	8.180562893907919e-07	8.506161086617105e-07	0.9999912201809653	0.9999899324252925	0.9999912062445551	0.9999928379057136	0.7222000000000001
118	1.3833333400839973e-06	7.339917505195577e-07	6.971586385466487e-07	7.338207268571818e-07	7.632050053406653e-07	0.999991219389578	0.9999899327516906	0.9999912028943171	0.9999928340330322	0.7222000000000001
119	1.2483333623611878e-06	6.581352107594614e-07	6.24810346317667e-07	6.580198744121357e-07	6.845129575163318e-07	0.999991217134857	0.9999899314431284	0.999991198070403	0.999992829503105	0.66665
120	1.348333240849239e-06	5.898861729805083e-07	5.597182786849821e-07	5.897544358057358e-07	6.13771185215795e-07	0.9999912135827962	0.9999899286871639	0.9999911883821742	0.9999928238737115	0.6111
121	1.956666611311223e-06	5.28525833903625e-07	5.011895802010507e-07	5.283914038456886e-07	5.501576798089488e-07	0.9999912088806597	0.99998992350039	0.999991170966785	0.9999928172682968	0.55555
122	1.8891667237097759e-06	4.7341865035326884e-07	4.4867044194358286e-07	4.7332856787806655e-07	4.92940087205105e-07	0.999991203159467	0.9999899129627474	0.9999911659390197	0.999992809795536	0.5
123	2.395833274265025e-06	4.2394905424948714e-07	4.016011091645971e-07	4.2391195592366236e-07	4.4153074478650917e-07	0.9999911965350567	0.9999899073883717	0.9999911628336987	0.9999928015515454	0.44445
124	2.5991667115585815e-06	3.795348495272452e-07	3.5935295817993694e-07	3.7948155204531406e-07	3.9542076679720994e-07	0.9999911891094717	0.999989896116885	0.9999911614983834	0.9999927926218226	0.38889999999999997
125	2.4308333734997832e-06	3.396727053270128e-07	3.2141288632671634e-07	3.395776096309522e-07	3.540557340767484e-07	0.9999911809729337	0.999989883325473	0.9999911595094567	0.9999927830826084	0.38889999999999997
126	2.532499990886604e-06	3.0393886627680875e-07	2.8741679467232905e-07	3.038363793346838e-07	3.169216159693772e-07	0.9999911722057435	0.9999898718716184	0.9999911578940601	0.9999927734957041	0.38889999999999997
127	2.059166598147429e-06	2.719257268323516e-07	2.5701321299802785e-07	2.7186003384678865e-07	2.835938473341042e-07	0.9999911628789726	0.9999898661699321	0.9999911460100446	0.9999927673578816	0.38889999999999997
128	2.363333283378421e-06	2.4324336911871097e-07	2.2981249612895255e-07	2.4317703091665277e-07	2.537436756578537e-07	0.9999911530551667	0.9999898525493471	0.999991127619427	0.9999927608107573	0.38889999999999997
129	2.194999945319623e-06	2.175356845122172e-07	2.0541275483382058e-07	2.1743543218515168e-07	2.2704991255434017e-07	0.9999911427893021	0.9999898350180506	0.9999911197306086	0.9999927539012418	0.38889999999999997
130	1.958333350209993e-06	1.9451314549956395e-07	1.8354881411374952e-07	1.943932675978849e-07	2.031302574755874e-07	0.9999911321301118	0.9999898169570903	0.9999911114658036	0.9999927466711298	0.38889999999999997
131	2.0599999675968137e-06	1.739190955199518e-07	1.640081503609298e-07	1.7381233046181345e-07	1.8167186133237995e-07	0.9999911211208997	0.9999897984918026	0.999991102868876	0.9999927391570785	0.38889999999999997
132	1.790000012151195e-06	1.5550333680837046e-07	1.4657694504993449e-07	1.554359749296859e-07	1.624552056397235e-07	0.9999911097998434	0.9999897796651618	0.9999910939783787	0.9999927313907674	0.38889999999999997
133	2.2633334048903697e-06	1.3902769615659175e-07	1.3100354064406122e-07	1.389576208776416e-07	1.4528714787104874e-07	0.9999910982004145	0.9999897605142951	0.9999910848273121	0.9999927185253402	0.38889999999999997
134	2.7016666983947864e-06	1.242787656051217e-07	1.1704152564907083e-07	1.2418486136739228e-07	1.299577648978831e-07	0.999991086351958	0.9999897410716532	0.9999910754448624	0.9999927032019152	0.38889999999999997
135	2.836666676117596e-06	1.1108777061249463e-07	1.0454166468911388e-07	1.1098049136543779e-07	1.1623651914666074e-07	0.9999910742804708	0.9999897232398183	0.9999910658573449	0.9999926876767364	0.38889999999999997
136	3.2749999696220125e-06	9.930500602995697e-08	9.338445404063636e-08	9.920800158532802e-08	1.0393421857500484e-07	0.9999910620090398	0.9999897054224647	0.9999910560882133	0.9999926719687354	0.38889999999999997
137	3.3766665870088335e-06	8.878355174585909e-08	8.345029325996173e-08	8.872285750650127e-08	9.292363302893337e-08	0.9999910495579951	0.9999896874018657	0.999991046158091	0.9999926560945098	0.38889999999999997
138	4.321666633588414e-06	7.93834064828659e-08	7.45991093669133e-08	7.93340322018924e-08	8.309719790679156e-08	0.9999910369451217	0.9999896691980149	0.9999910360845333	0.9999926419651946	0.38889999999999997
139	3.983333421091963e-06	7.097519063871288e-08	6.66711511350504e-08	7.09094494145351e-08	7.434260427505702e-08	0.9999910241859346	0.9999896508279834	0.9999910205918211	0.9999926292900156	0.38889999999999997
140	3.6799999027904408e-06	6.345527778889515e-08	5.956405092610019e-08	6.33746758598747e-08	6.652119183827221e-08	0.999991011294086	0.9999896323069659	0.9999910019042606	0.9999926164976328	0.38889999999999997
141	4.016666578908037e-06	5.6740930154000955e-08	5.3214263371209586e-08	5.665755389286096e-08	5.951390335357965e-08	0.9999909982817212	0.9999896136486824	0.9999909826025644	0.9999926035983397	0.38889999999999997
142	4.118333398814772e-06	5.075057147308747e-08	4.7559995957779586e-08	5.068931791554601e-08	5.323155041518867e-08	0.9999909851595657	0.9999895948653829	0.9999909547207904	0.9999925906010891	0.38889999999999997
143	4.118333398814772e-06	4.540612800253218e-08	4.2538275920547034e-08	4.537187335674735e-08	4.761744021895172e-08	0.999990971937017	0.9999895759678413	0.9999909329513884	0.9999925775136724	0.38889999999999997
144	3.241666609286024e-06	4.063234221448204e-08	3.806523359809464e-08	4.060069962134032e-08	4.261668220991778e-08	0.9999909586222528	0.9999895569651992	0.9999909124016046	0.9999925643430683	0.38889999999999997
145	4.018333317806806e-06	3.636132515736354e-08	3.405254300244545e-08	3.63166030290595e-08	3.816866742120058e-08	0.9999909452223785	0.999989537865221	0.9999908925333703	0.9999925510955415	0.38889999999999997
146	4.085000038478784e-06	3.254081944098991e-08	3.0450406865842884e-08	3.248708697593075e-08	3.419473671163602e-08	0.9999909317436395	0.9999895186748585	0.9999908763075261	0.9999925377766418	0.38889999999999997
147	3.241666609286024e-06	2.912999732125929e-08	2.722958005444622e-08	2.9073689315498018e-08	3.063242474286318e-08	0.9999909181915949	0.9999894994004109	0.9999908693727737	0.9999925243911104	0.38889999999999997
148	3.2083332489500353e-06	2.6087846064725932e-08	2.436131857601454e-08	2.605476202397204e-08	2.7432708583944227e-08	0.9999909045711523	0.9999894800475249	0.9999908623921476	0.9999925109430459	0.38889999999999997
149	3.6799999027904408e-06	2.337490394251572e-08	2.1816870050074968e-08	2.3368547800045674e-08	2.4569054198654287e-08	0.9999908908866064	0.9999894606211953	0.9999908553701584	0.9999924980539118	0.38889999999999997
150	3.881666601185227e-06	2.095317232709078e-08	1.9560290259395897e-08	2.0948030821294312e-08	2.201636688973225e-08	0.9999908771416882	0.9999894411256862	0.9999908483106137	0.9999924852002172	0.38889999999999997
151	3.0383333745123824e-06	1.8786536692248796e-08	1.7541081126524614e-08	1.877106531081026e-08	1.974925034375183e-08	0.9999908633396174	0.9999894215645242	0.9999908190285609	0.999992472296027	0.38889999999999997
152	3.7133332631264296e-06	1.6844758988035205e-08	1.5721045969336094e-08	1.682360701258973e-08	1.7732947341066317e-08	0.9999908494831847	0.9999894019407547	0.9999907900882617	0.9999924593438836	0.38889999999999997
153	3.914999961521216e-06	1.5106694582508107e-08	1.4084358298847194e-08	1.507836193835307e-08	1.5924544007979287e-08	0.9999908355748544	0.9999893822571504	0.9999907819280139	0.9999924463460198	0.38889999999999997
154	6.1399999918992036e-06	1.3554450210548622e-08	1.2619396442644005e-08	1.3523481001056842e-08	1.4299500694700185e-08	0.9999908216168165	0.9999893625162277	0.9999907576519753	0.9999924333043094	0.38889999999999997
155	6.613333384638379e-06	1.2169326010148347e-08	1.1314538728681023e-08	1.215359422845769e-08	1.2835452542453163e-08	0.9999908076109995	0.9999893427202468	0.9999907380205613	0.9999924202203795	0.38889999999999997
156	7.693333408940768e-06	1.0933596016402934e-08	1.015816348549808e-08	1.0938361125384429e-08	1.152230590537264e-08	0.9999907935590795	0.9999893228712112	0.9999907340385389	0.9999924070956051	0.38889999999999997
157	9.10500009518436e-06	9.830138424741088e-09	9.136561351974696e-09	9.839238543583357e-09	1.0350127977378588e-08	0.9999907794625075	0.9999893029708333	0.9999907300433417	0.9999923939311919	0.38889999999999997
158	9.409999947344822e-06	8.842169182503328e-09	8.225080594622133e-09	8.843490903523266e-09	9.308985957463224e-09	0.9999907653225216	0.9999892830204947	0.9999907232494033	0.9999923807282357	0.38889999999999997
159	1.0489999971647213e-05	7.954816610915527e-09	7.401642339299158e-09	7.946566199567738e-09	8.391879852065523e-09	0.9999907511401789	0.9999892630213375	0.9999907104070652	0.9999923674877235	0.38889999999999997
160	9.306666591059232e-06	7.157209394792688e-09	6.652031221105081e-09	7.141065652120654e-09	7.564478573020847e-09	0.9999907369163925	0.9999892429743861	0.9999906975323973	0.9999923547417185	0.38889999999999997
161	1.0356666732823172e-05	6.4421868103665946e-09	5.976118254482901e-09	6.423884272354959e-09	6.81884766035608e-09	0.9999907226519749	0.9999892228805785	0.9999906846262736	0.9999923447385187	0.38889999999999997
162	1.2171666613336423e-05	5.802608412860663e-09	5.373178363290283e-09	5.787921248531593e-09	6.1471662309869075e-09	0.9999907083476356	0.999989202740766	0.9999906692395519	0.9999923347151354	0.431333333
163	1.6254999912916437e-05	5.230942297227719e-09	4.837706327054629e-09	5.2205464322268485e-09	5.538973445264498e-09	0.9999906940039957	0.999989182555714	0.999990651958549	0.9999923246721517	0.473766667
164	1.700166673889877e-05	4.720160599691822e-09	4.359754362404487e-09	4.723283513076243e-09	4.991064186051097e-09	0.9999906796215838	0.9999891623261012	0.9999906346394656	0.9999923146100307	0.5162
165	1.7366666761175958e-05	4.2635962808717375e-09	3.939147104721107e-09	4.275219327138809e-09	4.5002116001026815e-09	0.9999906652008528	0.9999891420525109	0.9999906172827355	0.9999923045291769	0.558633333
166	1.6796666765226358e-05	3.854275648992594e-09	3.5664463364821403e-09	3.862262254619723e-09	4.063188832852927e-09	0.9999906507421754	0.9999891217353946	0.9999905998887217	0.9999922944299638	0.601066667
167	1.5711666726747575e-05	3.4858811264852974e-09	3.231017999799734e-09	3.488918171083166e-09	3.679186966993947e-09	0.9999906362458613	0.9999891013751031	0.9999905824577555	0.9999922843127349	0.6435
168	1.5478333406915567e-05	3.153055587905725e-09	2.9228140994442424e-09	3.150359059801156e-09	3.3411289592202304e-09	0.9999906217121587	0.9999890809719237	0.9999905652931331	0.9999922741778027	0.6435
169	1.1844999965571615e-05	2.852403938227081e-09	2.6382851003807894e-09	2.8446647788708366e-09	3.030017671673601e-09	0.9999906071412797	0.9999890605261182	0.9999905576116126	0.9999922640254496	0.6435
170	1.6161666584983635e-05	2.581791035235675e-09	2.3814831459897904e-09	2.5703694995074366e-09	2.74427561465938e-09	0.9999905925334045	0.9999890400379242	0.9999905499175631	0.9999922538559276	0.6435
171	1.6511666767251558e-05	2.338816155160262e-09	2.1513132638574064e-09	2.327236026484462e-09	2.4904250204620447e-09	0.9999905778886818	0.9999890195075549	0.9999905422112225	0.9999922436694567	0.6435
172	1.728166672269718e-05	2.1208796553332637e-09	1.946446384502967e-09	2.1117469385567037e-09	2.2592786349440308e-09	0.9999905632072336	0.9999889919506674	0.999990534492808	0.9999922334662095	0.648133333
173	2.231666661941202e-05	1.925438327462386e-09	1.7659045812064342e-09	1.9201837223190243e-09	2.0479315463210704e-09	0.9999905484891539	0.9999889612720901	0.9999905267625151	0.9999922232463156	0.652766667
174	2.0870000036453583e-05	1.750398540215524e-09	1.6030261165267247e-09	1.7548056426422023e-09	1.8572671788166271e-09	0.9999905337345123	0.999988930502389	0.999990519020515	0.9999922130098767	0.6574
175	2.298666669636959e-05	1.5933472793352592e-09	1.4606723321107643e-09	1.6018933587197627e-09	1.6866215030539384e-09	0.9999905189433548	0.9999888996414757	0.9999905130539058	0.9999922052517565	0.662033333
176	1.9036666635613612e-05	1.4519267241734925e-09	1.3345811683211687e-09	1.4567497469303339e-09	1.5333848453662428e-09	0.9999905041157068	0.9999888686892188	0.9999905056007528	0.9999922003841901	0.666666667
177	2.1969999914941637e-05	1.3239964347141106e-09	1.2210975805023685e-09	1.3277755519265665e-09	1.3979450059696204e-09	0.9999904892515733	0.9999888376454736	0.9999904951597061	0.9999921955123645	0.6713
178	2.2153333295529616e-05	1.2076205378892137e-09	1.1161362741553794e-09	1.2090783242538268e-09	1.283173019521088e-09	0.9999904743509427	0.9999888065100844	0.9999904937104012	0.9999921906363645	0.6713
179	2.0836666676117596e-05	1.1015022014493315e-09	1.0161464710259739e-09	1.1005044395629573e-09	1.175818012494154e-09	0.9999904594137923	0.9999887752828811	0.9999904922600868	0.9999921857562688	0.6713
180	2.208333329958001e-05	1.0050431395801688e-09	9.247237745461068e-10	1.0024447551850892e-09	1.0730131540715128e-09	0.9999904444400889	0.9999887439636685	0.9999904908088284	0.9999921808721502	0.6713
181	2.3199999959496018e-05	9.177239227551008e-10	8.416810174451554e-10	9.127422885943975e-10	9.78956328605001e-10	0.9999904294297925	0.9999887125522432	0.9999904827486157	0.9999921759840757	0.6713
182	2.356666672067198e-05	8.388480168344869e-10	7.663624231188602e-10	8.31671723187517e-10	8.945704155400307e-10	0.9999904143828577	0.9999886810483964	0.9999904701121933	0.9999921710921058	0.6713
183	2.2616666659916004e-05	7.676621576756782e-10	6.988276838937535e-10	7.605739995585093e-10	8.205739020165409e-10	0.9999903992992287	0.999988649451914	0.9999904514380978	0.9999921661962953	0.6713
184	2.534999997974801e-05	7.034151563165321e-10	6.382368318130132e-10	6.974134841189864e-10	7.531818564105626e-10	0.9999903841788437	0.9999886177625765	0.9999904326174097	0.9999921612966914	0.6713
185	2.1733333319832005e-05	6.455021672287876e-10	5.847048678569894e-10	6.43156968316208e-10	6.93251979556167e-10	0.9999903690216363	0.9999885859801584	0.9999904137555352	0.999992156393328	0.6713
186	2.0583333299580012e-05	5.934036146899903e-10	5.367041884718217e-10	5.965947271783286e-10	6.35551711228644e-10	0.9999903538275317	0.9999885541044289	0.9999903896107214	0.9999921514862352	0.6713
187	2.233333340083997e-05	5.463767826397538e-10	4.946855118393401e-10	5.482278263265874e-10	5.844800798731282e-10	0.9999903385964513	0.9999885221351493	0.9999903727418895	0.9999921465754374	0.6713
188	2.2300000040503984e-05	5.037589756570232e-10	4.5796697536277395e-10	5.071668915542176e-10	5.371969018918773e-10	0.9999903233283104	0.999988490072066	0.9999903558322503	0.9999921416609527	0.6713
189	2.1183333380587978e-05	4.650032210734659e-10	4.2351358376726815e-10	4.684176720177893e-10	4.935813686202833e-10	0.9999903080230194	0.999988457914924	0.9999903367875961	0.9999921367427993	0.6713
190	1.9650000020251992e-05	4.2948619929875625e-10	3.9269148065611433e-10	4.3178313387999925e-10	4.553151848905368e-10	0.9999902926804861	0.9999884207294285	0.999990307279945	0.999992131820994	0.6713
191	2.6100000081007965e-05	3.967809300336902e-10	3.6435776941069225e-10	3.982038501521447e-10	4.2426530048126735e-10	0.9999902773006134	0.9999883755334449	0.9999902805708221	0.9999921268955523	0.6713
192	2.903333336033599e-05	3.6659845440329853e-10	3.370836477843832e-10	3.6717578695146006e-10	3.939896133064406e-10	0.9999902618833008	0.9999883301242571	0.9999902596842793	0.9999921219664887	0.6713
193	2.5266666680167996e-05	3.3884692223358964e-10	3.1075199288458405e-10	3.38319796883135e-10	3.6405419169755613e-10	0.9999902464284477	0.999988284500761	0.999990238748254	0.9999921170338167	0.6713
194	3.260000008100797e-05	3.1347571444917617e-10	2.862966447071041e-10	3.118135858306166e-10	3.358896804697259e-10	0.999990230935952	0.9999882366973626	0.999990225957747	0.9999921120975485	0.6713
195	3.233333340083997e-05	2.9031381018159486e-10	2.64293629230731e-10	2.8786079549929914e-10	3.116446087539393e-10	0.9999902154057088	0.9999881885403837	0.9999902176866897	0.9999921071576949	0.6713
196	3.568333338058798e-05	2.69198771326238e-10	2.4382583372602696e-10	2.663382756301764e-10	2.894167468136647e-10	0.9999901998376101	0.9999881401489435	0.9999902094046846	0.999992102214266	0.6713
197	3.5e-05	2.499433913662104e-10	2.2521816491253454e-10	2.464509283043481e-10	2.697145014092985e-10	0.9999901842315482	0.9999880915218007	0.9999902011117281	0.9999920972672703	0.6713
198	3.571666674092397e-05	2.323904394309978e-10	2.0851288978347928e-10	2.2899656159728617e-10	2.508647550072721e-10	0.9999901685874142	0.999988042657705	0.9999901928078154	0.9999920923167156	0.6713
199	4.086666676117596e-05	2.1636627252688413e-10	1.937814167354029e-10	2.1333553974045543e-10	2.336799119937942e-10	0.9999901529050945	0.9999879872655254	0.999990177452438	0.9999920873626065	0.6713
200	3.7516666578908035e-05	2.0180043056972522e-10	1.8039586159975757e-10	2.0039902389548413e-10	2.1892468625579088e-10	0.9999901371844776	0.9999879281076006	0.9999901589086394	0.9999920824049459	0.6713
201	4.6733333319832e-05	1.8857538791123192e-10	1.6803071049975843e-10	1.8899498229547238e-10	2.0442500573536565e-10	0.9999901214254483	0.999987880200566	0.9999901419398569	0.999992077443737	0.6713
202	4.854999993924403e-05	1.7653131229833113e-10	1.5714515328233668e-10	1.7723617688978287e-10	1.9107932976912271e-10	0.9999901056278913	0.9999878320740508	0.9999901301956842	0.9999920724789824	0.6713
203	4.9e-05	1.6548902676607565e-10	1.477507143706372e-10	1.6670525245085666e-10	1.7879881247283513e-10	0.9999900897916895	0.9999877837269516	0.9999901191531486	0.9999920675106825	0.6605
204	5.2000000000000004e-05	1.5537436004971044e-10	1.3922538359885397e-10	1.567855848438902e-10	1.6731212134754277e-10	0.9999900739167251	0.9999877351581589	0.9999901080969678	0.999992062538838	0.6497
205	5.241666670041999e-05	1.4606414194848837e-10	1.3093411520532208e-10	1.4750741823151088e-10	1.5659646440488949e-10	0.9999900580028788	0.9999876863665574	0.9999900970271284	0.99999205756345	0.6389
206	5.8766666680168e-05	1.3743873268830948e-10	1.2377052182874175e-10	1.386134432111138e-10	1.4677783528726306e-10	0.9999900420500303	0.999987637349407	0.9999900859436155	0.9999920525845191	0.6142000000000001
207	5.3066666720671974e-05	1.2941054416738297e-10	1.1693412111862005e-10	1.3014722491376467e-10	1.3846511187679864e-10	0.9999900260580589	0.9999875861797611	0.9999900748464134	0.9999920476020455	0.5895
208	5.553333336033599e-05	1.2190696120189255e-10	1.1059306228465911e-10	1.223516784857004e-10	1.3125938656497009e-10	0.9999900100268425	0.9999875522604779	0.9999900637355073	0.9999920426160296	0.5648
209	5.576666668016799e-05	1.1490840169836209e-10	1.0473331868072071e-10	1.1533849193515682e-10	1.2408912232962282e-10	0.9999899939562574	0.9999875203878986	0.9999900526108816	0.9999920376264714	0.5509
210	5.816666659916003e-05	1.0839746832860379e-10	9.861372613589342e-11	1.0863105267289478e-10	1.1733381958170526e-10	0.9999899778461818	0.9999874884336342	0.9999900357083216	0.9999920326333707	0.537
211	5.998333342109196e-05	1.0237857890257022e-10	9.290457355400613e-11	1.0235043448464811e-10	1.10750910799998e-10	0.9999899616964909	0.9999874563974784	0.9999900145911575	0.999992027636727	0.5231
212	5.491666670041998e-05	9.68250304864918e-11	8.765333188977573e-11	9.65520780894154e-11	1.0464545778125877e-10	0.9999899455070599	0.9999874242792243	0.999989993425034	0.9999920226365401	0.5231
213	6.308333329958001e-05	9.169524207344743e-11	8.27492778114486e-11	9.117269324183724e-11	9.913398425649781e-11	0.9999899292777635	0.999987392078664	0.9999899722098315	0.9999920176328089	0.5231
214	6.525000010125996e-05	8.696541985391749e-11	7.818443475968789e-11	8.625506857288639e-11	9.390998610976164e-11	0.9999899130084764	0.9999873597955892	0.9999899509454304	0.9999920126255326	0.5231
215	6.969999995949601e-05	8.258723105170133e-11	7.4043484689255e-11	8.176191890281211e-11	8.912487823515841e-11	0.9999898966990703	0.9999873274297906	0.9999899296317096	0.9999920076147102	0.5231
216	7.293333327932802e-05	7.854145574615212e-11	7.022031449199925e-11	7.764796297124293e-11	8.475530521929558e-11	0.9999898803494176	0.9999872949810581	0.9999899082685481	0.99999200260034	0.5231
217	7.701666657890803e-05	7.479916399343735e-11	6.669160292687083e-11	7.385316204196637e-11	8.069964135382613e-11	0.9999898639593918	0.999987262449181	0.9999898868558246	0.9999919975824209	0.5231
218	8.448333342109196e-05	7.132428854498801e-11	6.346445364881966e-11	7.05208828360681e-11	7.708009888559361e-11	0.9999898475288644	0.9999872298339479	0.9999898653934172	0.9999919925609508	0.5231
219	9.0387499984811e-05	6.81057051037994e-11	6.052020588736219e-11	6.738311230662548e-11	7.386779808810369e-11	0.9999898310577047	0.9999871971351466	0.9999898438812038	0.9999919875359281	0.5231
220	8.960416672573498e-05	6.513304868215048e-11	5.78133441862721e-11	6.461877168117663e-11	7.070248674878007e-11	0.9999898145457828	0.9999871643525641	0.9999898223190615	0.9999919825073509	0.5231
221	9.480466670690062e-05	6.238529495972385e-11	5.535037102692174e-11	6.21449079978804e-11	6.766193966110859e-11	0.9999897979929679	0.9999871314859867	0.9999898007068675	0.9999919774752168	0.5231
222	9.512133332631264e-05	5.983987834222941e-11	5.311557957154557e-11	5.994220730661082e-11	6.48507897222895e-11	0.9999897813991301	0.9999870961740936	0.9999897790444978	0.999991972439524	0.527733333
223	0.00010082800003888383	5.747805754086834e-11	5.109041895949515e-11	5.748680027021482e-11	6.225468944303419e-11	0.9999897647641357	0.9999870540156486	0.9999897674572302	0.9999919674002702	0.532366667
224	0.00010203883339618202	5.527844585189773e-11	4.916144268404706e-11	5.530009951161392e-11	5.985929092217699e-11	0.999989748087854	0.999987011713354	0.9999897579684724	0.9999919623574532	0.537
225	0.00010244383332935044	5.322506758967495e-11	4.741129002495723e-11	5.315506715341359e-11	5.765024794937356e-11	0.9999897313701511	0.9999869692667	0.9999897484678822	0.9999919573110709	0.5416333329999999
226	0.00012428516667186467	5.131762975827922e-11	4.5804620372493095e-11	5.117896107363616e-11	5.561321216826811e-11	0.9999897146108938	0.9999869261928657	0.9999897389554437	0.9999919522611213	0.546266667
227	0.0001343098333949669	4.953645592294353e-11	4.413462786395883e-11	4.930765494825971e-11	5.373383608957207e-11	0.9999896978099488	0.9999868825539946	0.999989728860741	0.9999919472076017	0.5509
228	0.00014777216671601402	4.7877580878786833e-11	4.253678969807521e-11	4.760985061070841e-11	5.199777313437697e-11	0.9999896809671809	0.99998683876327	0.999989715772187	0.9999919421505099	0.5509
229	0.0001544215000407065	4.632703742436392e-11	4.1106667375450135e-11	4.6013041950578456e-11	5.0390674447824e-11	0.9999896640824546	0.9999867948201416	0.9999897026588078	0.9999919370898436	0.5509
230	0.0001740660000251125	4.487931505931106e-11	3.9732959568168084e-11	4.456377069052574e-11	4.8898193862881797e-11	0.9999896471556348	0.9999867507240606	0.9999896895205517	0.9999919320256005	0.5509
231	0.00019327166669434438	4.353368572580092e-11	3.8453450696709765e-11	4.32296082806806e-11	4.747227652702731e-11	0.999989630186585	0.9999867064744767	0.9999896755271113	0.9999919269577782	0.5509
232	0.00019283283337917035	4.2281703859270615e-11	3.728858921080372e-11	4.198781726594262e-11	4.6136959780849836e-11	0.999989613175167	0.9999866573136519	0.9999896618856832	0.9999919218863742	0.5509
233	0.00020758299995180026	4.112167456582589e-11	3.620108952749622e-11	4.0831384873898107e-11	4.4947205843192463e-11	0.9999895961212456	0.9999866075628532	0.9999896504041095	0.9999919168113861	0.5509
234	0.00022314333326717685	4.0049564459687764e-11	3.519519644152507e-11	3.9755172668441265e-11	4.385471363035728e-11	0.9999895790246814	0.9999865576255156	0.9999896389084231	0.9999919117328114	0.5509
235	0.00023067033342473732	3.906089696613809e-11	3.4268016703873684e-11	3.88037117815019e-11	4.2863742757198505e-11	0.9999895618853354	0.999986507500935	0.9999896273986054	0.9999919066506479	0.5509
236	0.0002367121667484172	3.8150012783280366e-11	3.3429362293832837e-11	3.7959147744854476e-11	4.189528384037058e-11	0.9999895447030697	0.9999864571884063	0.9999896158746382	0.9999919015648927	0.594883333
237	0.00023603699998339336	3.731178571506419e-11	3.2686042564769385e-11	3.7197181812692337e-11	4.096675384496455e-11	0.9999895274777427	0.9999864066872223	0.9999896043365031	0.9999918964755435	0.638866667
238	0.00023792716675044242	3.654295665449988e-11	3.197448032595192e-11	3.6511732360744034e-11	4.010121134464836e-11	0.9999895102092158	0.9999863559966728	0.9999895986656135	0.9999918913825978	0.6828500000000001
239	0.0002221981667492273	3.5839047615804994e-11	3.131931053779994e-11	3.589671646418215e-11	3.935824174058769e-11	0.9999894928973471	0.9999863051160451	0.9999895931290783	0.9999918862860528	0.7268333330000001
240	0.00020744783330018757	3.519617130466735e-11	3.072991990909614e-11	3.526777543929892e-11	3.867591069239403e-11	0.9999894755419949	0.9999862540446235	0.9999895875891068	0.9999918811859062	0.7708166670000001
241	0.0002070765000751349	3.460966286467858e-11	3.020322437158876e-11	3.465218809378022e-11	3.806245838864022e-11	0.9999894581430175	0.9999862027816888	0.999989582045697	0.9999918760821551	0.8148
242	0.00019614033333967897	3.4078831907914194e-11	2.973613849148928e-11	3.4164386423860645e-11	3.747591129182161e-11	0.9999894407002727	0.99998615132652	0.9999895719874892	0.9999918709747971	0.8148
243	0.00018041133333846382	3.3603641507863965e-11	2.9325577290188093e-11	3.378036731867771e-11	3.6946461151818763e-11	0.9999894232136158	0.9999860996783927	0.999989551844358	0.9999918658638294	0.8148
244	0.00016734883326251888	3.317526838443099e-11	2.89681273999817e-11	3.344358715232852e-11	3.644668261115415e-11	0.9999894056829045	0.9999860478365794	0.9999895316477206	0.9999918607492493	0.8148
245	0.00016998166668219319	3.279279159026551e-11	2.865808601656541e-11	3.3092282635768277e-11	3.6025656220871024e-11	0.9999893881079935	0.9999859958003502	0.9999895197190248	0.9999918556310542	0.8148
246	0.00016711266668907888	3.2459678464950027e-11	2.8395706952278555e-11	3.2824389956129814e-11	3.5615684185412145e-11	0.9999893704887381	0.9999859435689721	0.9999895116403344	0.9999918505092413	0.8148
247	0.00014608433334291926	3.217271998846323e-11	2.817798081970813e-11	3.2579045613380574e-11	3.5213749711697216e-11	0.999989352824994	0.9999858911417095	0.9999894982722073	0.9999918453838079	0.8148
248	0.00013281933340165004	3.1930271701338525e-11	2.8001896779399842e-11	3.228089257180026e-11	3.488177075182437e-11	0.9999893351166133	0.9999858385178235	0.9999894836059227	0.9999918402547511	0.8148
249	0.00013443950001073356	3.1725352466161714e-11	2.784383045518804e-11	3.202717848939311e-11	3.4605028655835586e-11	0.9999893173634503	0.9999857856965728	0.9999894689153106	0.9999918351220687	0.8148
250	0.00012199266675388525	3.155415987735704e-11	2.7704395617932655e-11	3.1890622471575424e-11	3.4332566818180345e-11	0.9999892995653576	0.9999857326772129	0.9999894542003264	0.9999918299857578	0.8148
251	0.00010754683333785627	3.1420246149822985e-11	2.7606934992254898e-11	3.1711885864541293e-11	3.4174058387815384e-11	0.9999892817221873	0.9999856794589966	0.9999894384503147	0.9999918248458156	0.8148
252	0.00010082999992304243	3.131892220935976e-11	2.754973122528204e-11	3.1543822936958464e-11	3.408473843027148e-11	0.99998926383379	0.999985626041174	0.999989419772982	0.9999918197022396	0.8148
253	0.00010403000008505836	3.1255278676846015e-11	2.752884314028269e-11	3.143674871303409e-11	3.3999933033713244e-11	0.9999892459000128	0.999985572422992	0.9999894071239612	0.9999918145550268	0.8148
254	9.630066673606349e-05	3.122564060995582e-11	2.754482825319707e-11	3.135512810908447e-11	3.401624776517267e-11	0.9999892279207044	0.9999855186036949	0.9999894001144598	0.9999918094041746	0.8148
255	8.924616660179279e-05	3.123083966607661e-11	2.7568217966687683e-11	3.125990342323716e-11	3.407603244894773e-11	0.9999892098957145	0.9999854645825239	0.9999893879916031	0.9999918042496803	0.8148
256	8.812949994187678e-05	3.1268549600949515e-11	2.7517253197136885e-11	3.131402907630761e-11	3.419166505980679e-11	0.9999891918248938	0.9999854103587177	0.9999893744563443	0.9999917990915409	0.8148
257	8.12128332414568e-05	3.1340892804983036e-11	2.7519717249657708e-11	3.1300767553463635e-11	3.4347075649291255e-11	0.9999891737080921	0.9999853559315119	0.9999893639268385	0.9999917939297537	0.8148
258	7.429299993964907e-05	3.145180911664098e-11	2.7680765994987306e-11	3.148893011432534e-11	3.4558352427547015e-11	0.9999891555451568	0.9999853013001393	0.999989356768543	0.999991788910193	0.8148
259	7.069300006116102e-05	3.159525039677129e-11	2.7750323729905585e-11	3.163746653579845e-11	3.4799115336077517e-11	0.9999891373359366	0.9999852464638297	0.9999893437971259	0.9999917839229591	0.8148
260	7.575966657931307e-05	3.175839865893522e-11	2.7934295635775344e-11	3.192457448228102e-11	3.506693106814878e-11	0.9999891190802803	0.9999851914218103	0.9999893255788378	0.9999917789322941	0.8148
261	7.198333342109196e-05	3.1948404402701384e-11	2.8112042753085612e-11	3.219629306622387e-11	3.535936668550528e-11	0.9999891007780327	0.9999851361733053	0.9999893124697845	0.9999917739381955	0.8148
262	7.5766666680168e-05	3.216857631341293e-11	2.8288059489136987e-11	3.244035467618567e-11	3.567398974850113e-11	0.9999890824290412	0.999985080717536	0.9999893057148771	0.9999917689406609	0.8148
263	8.328333325907602e-05	3.241998760147116e-11	2.8462800725293893e-11	3.2722545964753305e-11	3.600836818596889e-11	0.9999890640331518	0.9999850250537211	0.9999892985865593	0.9999917639396876	0.8148
264	8.233333340083998e-05	3.2694532396694746e-11	2.8647740133408455e-11	3.296981906980118e-11	3.6344932548622835e-11	0.9999890455902068	0.9999849691810762	0.9999892913445874	0.999991758935273	0.8148
265	8.1883333340084e-05	3.299603373661371e-11	2.8900496501638878e-11	3.3235840173154334e-11	3.6632685475323325e-11	0.9999890271000532	0.9999849130988033	0.9999892837676179	0.9999917539274149	0.8148
266	8.0116666659916e-05	3.333190098623255e-11	2.915332582079336e-11	3.347785939909264e-11	3.694257334392842e-11	0.999989008562532	0.9999848568060842	0.9999892700429422	0.9999917489161103	0.8148
267	7.680000004050399e-05	3.3701516186369925e-11	2.9358686827816333e-11	3.373461899442423e-11	3.7276609894718527e-11	0.9999889899774864	0.999984800302128	0.9999892562962145	0.9999917439013569	0.8148
268	7.558333329958e-05	3.410444720705302e-11	2.957868933032175e-11	3.4059706242256846e-11	3.763174346417087e-11	0.9999889713447591	0.9999847435861436	0.9999892425273951	0.9999917388831521	0.8148
269	7.103333336033598e-05	3.453366138121953e-11	2.9889693217775876e-11	3.4352643871200926e-11	3.813182529266757e-11	0.9999889526641897	0.999984686657336	0.9999892287364439	0.9999917338614933	0.8148
270	6.833333340083996e-05	3.499759803819288e-11	3.0264768392005507e-11	3.468662632016778e-11	3.877011097934449e-11	0.9999889339356206	0.9999846295149071	0.9999892149233214	0.999991728836378	0.8148
271	6.318333338058798e-05	3.550380423424002e-11	3.0655446080297435e-11	3.5085204784539105e-11	3.9494249298698966e-11	0.999988915158891	0.9999845721580557	0.9999892010879876	0.9999917238078035	0.8148
272	5.784999997974801e-05	3.604747873521683e-11	3.1065721055892323e-11	3.554505187217045e-11	4.027371124882791e-11	0.9999888963338409	0.9999845145859768	0.9999891872304024	0.9999917187757674	0.8148
273	5.7116666659916005e-05	3.663250096996453e-11	3.149958672649407e-11	3.607587225429811e-11	4.1063687931620806e-11	0.9999888774603072	0.9999844567978624	0.9999891769997044	0.9999917137402671	0.8148
274	5.2516666578908034e-05	3.7259308707334424e-11	3.1961036954985487e-11	3.665157070487344e-11	4.186569800233396e-11	0.9999888585381307	0.9999843987929012	0.9999891708680091	0.9999917087012999	0.8148
275	4.9983333421091964e-05	3.793108792293336e-11	3.245406469389157e-11	3.7228795800862374e-11	4.270203520822844e-11	0.9999888395671467	0.9999843405702786	0.9999891647516042	0.9999917036588634	0.8148
276	5.165000002025199e-05	3.8652244692531545e-11	3.2982664759800236e-11	3.7845319648319823e-11	4.363508767762777e-11	0.9999888205471917	0.9999842821291763	0.9999891586316902	0.9999916986129549	0.8148
277	5.4483333421091965e-05	3.9426206884069966e-11	3.3550829151531375e-11	3.8506123568932146e-11	4.4612421247133045e-11	0.9999888014781024	0.999984223468766	0.9999891525082654	0.9999916935635718	0.8148
278	5.4383333340083994e-05	4.025616476807288e-11	3.416255355268346e-11	3.92916901335962e-11	4.562868318774549e-11	0.9999887823597136	0.999984164588219	0.9999891443829398	0.9999916885107116	0.8148
279	5.3066666720671974e-05	4.1144742592746625e-11	3.4821829680286556e-11	4.012767639865862e-11	4.6760348427057875e-11	0.9999887631918596	0.9999841054867088	0.9999891344022336	0.9999916834543716	0.8148
280	5.1616666659916e-05	4.2095276344033854e-11	3.5532652134192217e-11	4.0958974733073226e-11	4.798479294277192e-11	0.9999887439743743	0.9999840461634049	0.9999891244103793	0.9999916783945495	0.799366667
281	5.230000004050399e-05	4.311153266161765e-11	3.6299014863977806e-11	4.1858458953815256e-11	4.9278968833991407e-11	0.9999887247070913	0.9999839866174737	0.9999891144073634	0.9999916733312424	0.7839333329999999
282	5.763333323882404e-05	4.419784799527387e-11	3.712491127734724e-11	4.282554785379633e-11	5.060239901690113e-11	0.9999887053898427	0.9999839268480779	0.9999891043931719	0.9999916682644477	0.7685
283	5.746666663966401e-05	4.5357948175972856e-11	3.8014334370172753e-11	4.386160591509535e-11	5.1973745811081235e-11	0.9999886860224588	0.9999838668543767	0.9999890943677908	0.9999916631941631	0.753066667
284	5.6399999918992034e-05	4.659629723156415e-11	3.897127800533718e-11	4.497174333587293e-11	5.340500607260078e-11	0.9999886666047734	0.9999838066355259	0.9999890843312064	0.9999916581203857	0.737633333
285	5.456666672067197e-05	4.7916380714686245e-11	3.999973682603936e-11	4.6161063376980945e-11	5.490355216417337e-11	0.9999886471366153	0.9999837461906776	0.9999890742834048	0.9999916530431132	0.7222000000000001
286	5.6450000060755976e-05	4.932245470992839e-11	4.110370354636171e-11	4.748926627131755e-11	5.648908358841149e-11	0.9999886276178132	0.9999836855189806	0.9999890642243718	0.9999916479623426	0.7222000000000001
287	5.780000004050398e-05	5.081893984997312e-11	4.228717231097689e-11	4.89328095874373e-11	5.823188454525704e-11	0.9999886080481979	0.9999836246195802	0.9999890524661096	0.9999916428780717	0.7222000000000001
288	5.2633333238824036e-05	5.241000008791556e-11	4.355413574727277e-11	5.047870886720037e-11	6.004727034920972e-11	0.9999885884275962	0.999983563491618	0.9999890301719794	0.9999916377902978	0.7222000000000001
289	5.0966666639664016e-05	5.4099876692269605e-11	4.490858899697439e-11	5.2189670475982995e-11	6.193623658336024e-11	0.9999885687558363	0.9999835021342321	0.9999890078272253	0.999991632699018	0.7222000000000001
290	5.795000006075598e-05	5.5892739501575626e-11	4.635452418894344e-11	5.402658262450474e-11	6.390207208015913e-11	0.9999885490327449	0.9999834405465573	0.9999889854317232	0.99999162760423	0.7222000000000001
291	5.965000002025199e-05	5.7793565584132e-11	4.7895936464904944e-11	5.598404654640164e-11	6.613028825221145e-11	0.9999885292581476	0.9999833787277249	0.9999889645505955	0.9999916225059311	0.7222000000000001
292	6.333333340083997e-05	5.980706565179956e-11	4.9536818864078435e-11	5.806630358192515e-11	6.8413278119263e-11	0.9999885094318697	0.9999833166768624	0.9999889516503409	0.9999916174041188	0.7222000000000001
293	6.731666661941202e-05	6.193779853785361e-11	5.128116475082054e-11	6.021579479691722e-11	7.087726315545518e-11	0.9999884895537368	0.9999832543930939	0.9999889387346597	0.9999916122987902	0.7222000000000001
294	7.328333325907603e-05	6.419152733148845e-11	5.3132967121003517e-11	6.249174750281469e-11	7.346519939480741e-11	0.9999884696235712	0.9999831918755403	0.999988925803533	0.9999916071899428	0.7222000000000001
295	8.432516658275592e-05	6.657381224984963e-11	5.5096221658225856e-11	6.490542931599579e-11	7.62819483160945e-11	0.9999884496411984	0.9999831291233187	0.9999889128569422	0.9999916020775741	0.7222000000000001
296	8.74609999299281e-05	6.908935944520248e-11	5.717492031796016e-11	6.746160315608378e-11	7.908919134984711e-11	0.9999884296064387	0.9999830661355428	0.9999888998948683	0.9999915969616815	0.7222000000000001
297	0.00010439933342595244	7.17432250174411e-11	5.937305754830998e-11	7.016683879830185e-11	8.211137311865428e-11	0.999988409519115	0.9999830029113226	0.9999888869172924	0.9999915918422622	0.7222000000000001
298	0.00011783716669778721	7.453986142159326e-11	6.169923685830447e-11	7.303743594416582e-11	8.520394997580079e-11	0.9999883893790485	0.9999829394497649	0.9999888739241956	0.9999915867193135	0.7268333330000001
299	0.00013605750006176858	7.748464635067148e-11	6.417406079123712e-11	7.606595102202921e-11	8.844762681586695e-11	0.9999883691860597	0.9999828757499728	0.9999888609155589	0.9999915815928331	0.7314666670000001
300	0.00015111350005852825	8.058358694745862e-11	6.678118457986052e-11	7.925712563204896e-11	9.199779614640648e-11	0.9999883489399671	0.9999828118110459	0.9999888478913634	0.9999915764628181	0.7253
301	0.00016265716659247687	8.384303328677594e-11	6.952452298343716e-11	8.261569703941633e-11	9.563078235447695e-11	0.999988328640591	0.9999827476320804	0.9999888348515904	0.999991571329266	0.719133333
302	0.00017963516665161269	8.72696042311349e-11	7.240799117306112e-11	8.614640467682818e-11	9.935661487247889e-11	0.9999883082877488	0.9999826832121689	0.9999888217962204	0.999991566192174	0.712966667
303	0.00019752450004921233	9.086783196001306e-11	7.543550527359935e-11	8.985398884393355e-11	1.0322756365539226e-10	0.999988287881258	0.9999826185504005	0.9999888102021462	0.9999915631341881	0.726866667
304	0.00019786200009477934	9.464665456005733e-11	7.861031116351951e-11	9.374318853998731e-11	1.0733732556544203e-10	0.9999882674209352	0.9999825536458609	0.9999887991549814	0.999991558564785	0.736133333
305	0.00019124633327568266	9.860916134370313e-11	8.198326274201343e-11	9.781874189708741e-11	1.1174057246284691e-10	0.9999882469065972	0.999982488497632	0.9999887880969112	0.9999915532729542	0.7454
306	0.00021210583326211383	1.0276163102202891e-10	8.550882187696385e-11	1.0208539051545904e-10	1.1631947600096779e-10	0.9999882263380587	0.9999824231047927	0.9999887770279248	0.9999915479765105	0.771633333
307	0.00023910850004435187	1.0711395383006475e-10	8.913438230135251e-11	1.0654787166031621e-10	1.2107752630775918e-10	0.999988205715134	0.999982357466418	0.9999887659480116	0.9999915426754494	0.797866667
308	0.0002592591667601633	1.1166879910406652e-10	9.292418738497165e-11	1.1121092563126248e-10	1.2601821368436058e-10	0.9999881850376373	0.9999822915815794	0.9999887548571607	0.9999915373697668	0.830266667
309	0.0002746843334239273	1.1643341152805446e-10	9.688229414265438e-11	1.1607929099406525e-10	1.3115540221377595e-10	0.9999881643053824	0.9999822254493451	0.9999887437553614	0.9999915320594578	0.8426
310	0.00036443449999655714	1.2141393278109716e-10	1.0101275698810902e-10	1.2115770848186098e-10	1.3655088701023115e-10	0.9999881435181819	0.9999821590687796	0.9999887326426029	0.9999915267445182	0.854933333
311	0.0005060633332428744	1.2661391733755147e-10	1.0531963235094514e-10	1.2645091579332848e-10	1.421849256838626e-10	0.9999881226758466	0.9999820924389441	0.9999887215188745	0.9999915214249435	0.867266667
312	0.0006601473332380139	1.3203832145473564e-10	1.0980697696417784e-10	1.31963653228185e-10	1.48182747807729e-10	0.9999881017781866	0.999982025558896	0.9999887103841654	0.9999915161007293	0.8734333329999999
313	0.0007818956666003751	1.3769281630353557e-10	1.144788450247972e-10	1.3767590486084702e-10	1.545211014775855e-10	0.9999880808250137	0.9999819584276897	0.9999886992384646	0.9999915107718712	0.8796
314	0.0009915038332969472	1.4358781842592611e-10	1.1933929417620355e-10	1.4333720817446127e-10	1.6119319199082276e-10	0.9999880598161378	0.9999818910443754	0.9999886880817613	0.9999915054383645	0.8796
315	0.001151832166683611	1.4972828318760385e-10	1.2439237902723596e-10	1.4940671428097661e-10	1.6815727530761133e-10	0.9999880387513659	0.9999818234080003	0.9999886769140449	0.9999915001002048	0.8796
316	0.0013149618332993775	1.561200354136333e-10	1.2964215589906055e-10	1.5579284442076263e-10	1.7542070582825537e-10	0.999988017630508	0.999981755517608	0.9999886657353044	0.9999914947573877	0.874983333
317	0.0013109789998999551	1.6277077180740974e-10	1.3509268072275063e-10	1.6241506581703414e-10	1.8299083699931767e-10	0.9999879964533699	0.9999816873722386	0.9999886545455291	0.9999914894099087	0.870366667
318	0.0013371714999394467	1.696822541050049e-10	1.4074800977612861e-10	1.6927779984565767e-10	1.9087502532360775e-10	0.999987975219759	0.9999816189709285	0.9999886363413348	0.9999914840577632	0.86575
319	0.0013237038332564433	1.7685944710800561e-10	1.4661219784140822e-10	1.7635723488117332e-10	1.9908062565661987e-10	0.9999879539294813	0.9999815503127109	0.9999886178585	0.9999914787009468	0.861133333
320	0.0011623629999355986	1.8430870624613552e-10	1.5268930271377683e-10	1.836649830407223e-10	2.0761499185674564e-10	0.9999879325823415	0.999981481396615	0.9999885993408952	0.999991473339455	0.856516667
321	0.0010627906667077106	1.9204723717510062e-10	1.5898337802658848e-10	1.9132614037770659e-10	2.164854791479469e-10	0.9999879111781433	0.9999814122216674	0.9999885807884485	0.9999914679732833	0.8519
322	0.0009171788333880812	2.0007576415394894e-10	1.6549848062130172e-10	1.9922233098870965e-10	2.256994418871665e-10	0.9999878897166884	0.9999813427868901	0.9999885622010882	0.9999914626024271	0.8519
323	0.000871544333432028	2.0839898027054972e-10	1.7223866764278063e-10	2.0735397483058513e-10	2.352642366205753e-10	0.9999878681977782	0.9999812730913024	0.9999885491978018	0.999991457226882	0.8519
324	0.0007482096666400691	2.1702103898811618e-10	1.792079925510046e-10	2.157528653444556e-10	2.451872158843559e-10	0.9999878466212156	0.9999812031339196	0.9999885392623598	0.9999914518466434	0.8519
325	0.0006813781666520178	2.2594864115186784e-10	1.8641051318450471e-10	2.24519939657105e-10	2.5547573631140165e-10	0.9999878249868004	0.999981132913754	0.9999885288154684	0.9999914464617067	0.8519
326	0.0006498188333799804	2.351884552497972e-10	1.938502843688383e-10	2.3357029159853956e-10	2.661371512615528e-10	0.9999878032943303	0.9999810624298139	0.9999885116145042	0.9999914410720676	0.8519
327	0.0005972649999412692	2.447451756418036e-10	2.0153136311883847e-10	2.4299232814148196e-10	2.7717881691251247e-10	0.9999877815436041	0.9999809916811043	0.9999884943813304	0.9999914356777213	0.8519
328	0.0005490653333295529	2.5463038822385474e-10	2.0945780384821356e-10	2.527232773839397e-10	2.886080880330525e-10	0.9999877597344198	0.9999809206666268	0.9999884771158797	0.9999914302786633	0.8519
329	0.000518923666598755	2.6484755847738994e-10	2.176336634851094e-10	2.62863131425611e-10	3.0043231761454564e-10	0.9999877378665739	0.9999808493853793	0.9999884598180842	0.9999914250753275	0.8519
330	0.0004893895000714895	2.75399132294142e-10	2.2606299776546853e-10	2.7315513661801135e-10	3.1265886311354275e-10	0.9999877159398634	0.9999807778363564	0.9999884424878758	0.9999914200032801	0.8519
331	0.0004542521666593084	2.862898082508106e-10	2.347498623385462e-10	2.837883260571729e-10	3.252950771095877e-10	0.9999876939540835	0.9999807060185489	0.999988425125187	0.9999914149269185	0.8519
332	0.00042903833337451237	2.9753128338191994e-10	2.43698312528436e-10	2.949643931742362e-10	3.3834831569366127e-10	0.9999876719090283	0.9999806339309444	0.9999884077299495	0.9999914098462387	0.8519
333	0.00040787500005063	3.091237551379485e-10	2.529124057184764e-10	3.064240885462073e-10	3.5182593408972527e-10	0.999987649804493	0.9999805615725268	0.999988390302095	0.9999914047612362	0.856516667
334	0.0003553209999380289	3.2107108169984624e-10	2.623961971460736e-10	3.1808146615635813e-10	3.6573528528915236e-10	0.999987627640268	0.9999804889422766	0.9999883728415551	0.9999913996719072	0.861133333
335	0.00031255549997509003	3.3338172871582624e-10	2.72153741224936e-10	3.300756422166188e-10	3.8008372638002594e-10	0.9999876054161486	0.9999804160391709	0.9999883602552866	0.9999913945782474	0.86575
336	0.0003161334999127139	3.4606106452690344e-10	2.8218909670397995e-10	3.424115617353763e-10	3.948786098551674e-10	0.9999875831319238	0.9999803428621828	0.9999883480184709	0.9999913894802527	0.870366667
