time	osi
1	0.000000
2	0.000000
3	0.000000
4	0.000000
5	0.000000
6	0.000000
7	194.400000
8	194.400000
9	194.400000
10	194.400000
11	194.400000
12	194.400000
13	194.400000
14	194.400000
15	194.400000
16	223.733333
17	253.066667
18	282.400000
19	311.733333
20	381.183333
21	450.633333
22	503.100000
23	555.566667
24	608.033333
25	660.500000
26	672.850000
27	685.200000
28	685.200000
29	685.200000
30	685.200000
31	689.833333
32	694.466667
33	699.100000
34	703.733333
35	708.366667
36	713.000000
37	713.000000
38	713.000000
39	713.000000
40	713.000000
41	713.000000
42	713.000000
43	713.000000
44	713.000000
45	713.000000
46	713.000000
47	713.000000
48	713.000000
49	708.366667
50	703.733333
51	699.100000
52	694.466667
53	689.833333
54	685.200000
55	685.200000
56	685.200000
57	685.200000
58	685.200000
59	685.200000
60	685.200000
61	685.200000
62	685.200000
63	685.200000
64	685.200000
65	685.200000
66	685.200000
67	685.200000
68	685.200000
69	685.200000
70	685.200000
71	685.200000
72	685.200000
73	685.200000
74	685.200000
75	685.200000
76	685.200000
77	685.200000
78	685.200000
79	674.400000
80	663.600000
81	652.800000
82	642.000000
83	631.200000
84	620.400000
85	620.400000
86	620.400000
87	620.400000
88	620.400000
89	620.400000
90	620.400000
91	620.400000
92	620.400000
93	620.400000
94	611.133333
95	601.866667
96	592.600000
97	563.266667
98	533.933333
99	504.600000
100	484.533333
101	464.466667
102	444.400000
103	444.400000
104	444.400000
105	444.400000
106	444.400000
107	444.400000
108	444.400000
109	444.400000
110	444.400000
111	428.983333
112	413.566667
113	398.150000
114	382.733333
115	367.316667
116	351.900000
117	351.900000
118	351.900000
119	351.900000
120	351.900000
121	351.900000
122	351.900000
123	351.900000
124	351.900000
125	351.900000
126	351.900000
127	351.900000
128	351.900000
129	351.900000
130	351.900000
131	351.900000
132	351.900000
133	351.900000
134	351.900000
135	361.150000
136	370.400000
137	379.650000
138	388.900000
139	398.150000
140	407.400000
141	407.400000
142	407.400000
143	398.150000
144	388.900000
145	379.650000
146	370.400000
147	361.150000
148	351.900000
149	351.900000
150	351.900000
151	351.900000
152	351.900000
153	351.900000
154	351.900000
155	351.900000
156	351.900000
157	351.900000
158	351.900000
159	351.900000
160	351.900000
161	351.900000
162	351.900000
163	351.900000
164	351.900000
165	351.900000
166	351.900000
167	351.900000
168	351.900000
169	351.900000
170	351.900000
171	347.266667
172	342.633333
173	338.000000
174	333.366667
175	328.733333
176	324.100000
177	324.100000
178	324.100000
179	324.100000
180	324.100000
181	324.100000
182	324.100000
183	324.100000
184	324.100000
185	324.100000
186	324.100000
187	324.100000
188	324.100000
189	324.100000
190	324.100000
191	324.100000
192	324.100000
193	324.100000
194	324.100000
195	324.100000
196	324.100000
197	324.100000
198	324.100000
199	324.100000
200	324.100000
201	324.100000
202	324.100000
203	324.100000
204	324.100000
205	324.100000
206	324.100000
207	324.100000
208	324.100000
209	324.100000
210	324.100000
211	324.100000
212	324.100000
213	324.100000
214	324.100000
215	324.100000
216	324.100000
217	324.100000
218	324.100000
219	324.100000
220	324.100000
221	324.100000
222	324.100000
223	324.100000
224	324.100000
225	324.100000
226	324.100000
227	324.100000
228	324.100000
229	331.033333
230	337.966667
231	344.900000
232	351.833333
233	358.766667
234	365.700000
235	365.700000
236	365.700000
237	365.700000
238	365.700000
239	365.700000
240	365.700000
241	365.700000
242	365.700000
243	365.700000
244	365.700000
245	372.650000
246	379.600000
247	386.550000
248	393.500000
249	400.450000
250	407.400000
251	407.400000
252	407.400000
253	407.400000
254	407.400000
255	407.400000
256	407.400000
257	407.400000
258	407.400000
259	407.400000
260	407.400000
261	407.400000
262	407.400000
263	407.400000
264	407.400000
265	407.400000
266	407.400000
267	407.400000
268	407.400000
269	407.400000
270	407.400000
271	407.400000
272	409.716667
273	412.033333
274	414.350000
275	416.666667
276	418.983333
277	421.300000
278	421.300000
279	429.016667
280	436.733333
281	444.450000
282	455.250000
283	466.050000
284	476.850000
285	479.933333
286	489.183333
287	498.433333
288	504.600000
289	510.766667
290	516.933333
291	523.100000
292	523.100000
293	523.100000
294	523.100000
295	523.100000
296	523.100000
297	523.100000
298	523.100000
299	523.100000
300	523.100000
301	523.100000
302	523.100000
303	523.100000
304	523.100000
305	523.100000
306	523.100000
307	523.100000
308	523.100000
309	523.100000
310	523.100000
311	523.100000
312	523.100000
313	523.100000
314	523.100000
315	523.100000
316	523.100000
317	523.100000
318	523.100000
319	523.100000
320	523.100000
321	523.100000
322	523.100000
323	523.100000
324	523.100000
325	523.100000
326	523.100000
327	523.100000
328	523.100000
329	523.100000
330	523.100000
331	523.100000
332	523.100000
333	523.100000
334	523.100000
335	523.100000
336	523.100000
337	523.100000
338	523.100000
339	523.100000
