comparator,model,noise,regime,treatment,rep,n_true_pairs,n_scored,avg_precision,best_f1,best_f1_precision,best_f1_recall
jw_no_tf,full,elevated,split,none,0,10070,27594,0.9903523724718666,0.9763231197771588,0.9780745465417581,0.9745779543197617
jw_no_tf,full,elevated,split,none,1,10056,27464,0.9909094235398572,0.9760779827920625,0.9763207641030743,0.975835322195704
jw_no_tf,full,elevated,split,none,2,10046,27515,0.990940775975653,0.9767812655705034,0.977853152434158,0.9757117260601235
jw_no_tf,full,elevated,split,abbreviate,0,10070,27557,0.9906721767954597,0.9775225269828697,0.9747235387045814,0.9803376365441907
jw_no_tf,full,elevated,split,abbreviate,1,10056,27470,0.9914957292548492,0.9771349040660106,0.9768435698668256,0.9774264120922832
jw_no_tf,full,elevated,split,abbreviate,2,10046,27567,0.9912534652490504,0.9771584971385917,0.9770126380734402,0.977304399761099
jw_no_tf,full,elevated,split,expand,0,10070,27542,0.99061881936527,0.9772783525568042,0.9743361958345672,0.9802383316782523
jw_no_tf,full,elevated,split,expand,1,10056,27434,0.991131707845271,0.9765150761269777,0.9771957777335192,0.975835322195704
jw_no_tf,full,elevated,split,expand,2,10046,27540,0.9911548751969985,0.9770292490906374,0.9781502544148458,0.9759108102727454
jw_no_tf,address_heavy,elevated,split,none,0,10070,27447,0.9517764466705536,0.9216692486444618,0.8992064991498205,0.9452830188679245
jw_no_tf,address_heavy,elevated,split,none,1,10056,27344,0.9526008774803838,0.9253556811537712,0.9071455865494842,0.9443118536197295
jw_no_tf,address_heavy,elevated,split,none,2,10046,27436,0.9523142378449272,0.9205702647657842,0.8975037821482602,0.9448536731037229
jw_no_tf,address_heavy,elevated,split,abbreviate,0,10070,27514,0.9557534024131187,0.9250335956997503,0.8951328255619543,0.9570009930486594
jw_no_tf,address_heavy,elevated,split,abbreviate,1,10056,27436,0.9564614414218853,0.9300864859641494,0.9045202518560286,0.9571400159108989
jw_no_tf,address_heavy,elevated,split,abbreviate,2,10046,27539,0.9552984037000731,0.9240536770718099,0.8939972080037226,0.9562014732231734
jw_no_tf,address_heavy,elevated,split,expand,0,10070,27532,0.9549692200734288,0.9245029295936991,0.8951822916666666,0.9558093346573983
jw_no_tf,address_heavy,elevated,split,expand,1,10056,27424,0.9549218700065895,0.928916827852998,0.9040850903614458,0.955151153540175
jw_no_tf,address_heavy,elevated,split,expand,2,10046,27544,0.9540914489560414,0.9237508423991527,0.8943885160328113,0.9551065100537527
lev_abs,full,elevated,split,none,0,10070,27161,0.9868134417587355,0.9613137215393915,0.9754651400531589,0.9475670307845084
lev_abs,full,elevated,split,none,1,10056,27147,0.9866852212587168,0.9610402452289133,0.9556538839724681,0.9664876690533015
lev_abs,full,elevated,split,none,2,10046,27080,0.9865871930464987,0.9609810479375698,0.9787365813377374,0.9438582520406131
lev_abs,full,elevated,split,abbreviate,0,10070,27578,0.9891959730878455,0.9742183214481623,0.9784633877591906,0.9700099304865939
lev_abs,full,elevated,split,abbreviate,1,10056,27435,0.9892799563442047,0.974025974025974,0.9785226816539543,0.9695704057279236
lev_abs,full,elevated,split,abbreviate,2,10046,27541,0.9892927727424697,0.9739869934967483,0.9789823008849557,0.9690424049372884
lev_abs,full,elevated,split,expand,0,10070,27570,0.9889939874836856,0.9735502545164187,0.9785313001605136,0.9686196623634558
lev_abs,full,elevated,split,expand,1,10056,27465,0.9891611326083419,0.9739643196242066,0.9789050728277248,0.9690731901352426
lev_abs,full,elevated,split,expand,2,10046,27529,0.9888456520773679,0.9736435653430323,0.9746633416458853,0.9726259207644834
lev_abs,address_heavy,elevated,split,none,0,10070,26755,0.9161679017314248,0.8838983050847458,0.947105561861521,0.8285998013902681
lev_abs,address_heavy,elevated,split,none,1,10056,26746,0.9224450469219986,0.8900231530204167,0.945127402771569,0.8409904534606205
lev_abs,address_heavy,elevated,split,none,2,10046,26664,0.910407982229657,0.8705491205491206,0.9436177633108579,0.8079832769261398
lev_abs,address_heavy,elevated,split,abbreviate,0,10070,26961,0.9483419352304322,0.9072590553890009,0.8981220200447602,0.916583912611718
lev_abs,address_heavy,elevated,split,abbreviate,1,10056,26787,0.9490590739477625,0.912526518328482,0.9055125820033291,0.9196499602227526
lev_abs,address_heavy,elevated,split,abbreviate,2,10046,26945,0.9475656632853524,0.9062392448006293,0.8953657825706791,0.9173800517618953
lev_abs,address_heavy,elevated,split,expand,0,10070,26953,0.9468742914161041,0.9065801759300212,0.8973635567662224,0.9159880834160874
lev_abs,address_heavy,elevated,split,expand,1,10056,26766,0.9469176497930729,0.9101068037974682,0.9050944138473643,0.9151750198886237
lev_abs,address_heavy,elevated,split,expand,2,10046,26885,0.9442244842181062,0.9034421540585857,0.8952306489444879,0.911805693808481
jw_tf,full,severe,split,none,0,10070,27597,0.99024759624366,0.9769881724154996,0.9737594949196015,0.9802383316782523
jw_tf,full,severe,split,none,1,10056,27507,0.9907849727645683,0.9767395823022864,0.9722167487684729,0.9813046937151949
jw_tf,full,severe,split,none,2,10046,27569,0.9906175262777813,0.9766820139610871,0.9715355067467744,0.9818833366514036
jw_tf,full,severe,split,abbreviate,0,10070,27607,0.9896262306437936,0.9743182156872485,0.9747540005963622,0.9738828202581926
jw_tf,full,severe,split,abbreviate,1,10056,27522,0.9903298636549401,0.9751580624284363,0.9763732429468647,0.9739459029435164
jw_tf,full,severe,split,abbreviate,2,10046,27535,0.9902047297288202,0.9755927127526829,0.9783762138352188,0.9728250049771053
jw_tf,full,severe,split,expand,0,10070,27605,0.9891715446335777,0.9738178198108512,0.97624750499002,0.9714001986097319
jw_tf,full,severe,split,expand,1,10056,27523,0.990175665369805,0.9744432820206249,0.9763402216232405,0.9725536992840096
jw_tf,full,severe,split,expand,2,10046,27553,0.9896893136492888,0.9745045314211731,0.9749900358708649,0.974019510252837
jw_tf,address_heavy,severe,split,none,0,10070,27073,0.9457646644723008,0.9236678335278102,0.9048390169556106,0.9432969215491559
jw_tf,address_heavy,severe,split,none,1,10056,27043,0.9480468229465946,0.9265381981805733,0.9116458132820019,0.9419252187748608
jw_tf,address_heavy,severe,split,none,2,10046,27125,0.9442790381663235,0.9211861100273117,0.9030407343660356,0.9400756520007963
jw_tf,address_heavy,severe,split,abbreviate,0,10070,27371,0.9539348988650399,0.9166421496518584,0.905366137156141,0.9282025819265144
jw_tf,address_heavy,severe,split,abbreviate,1,10056,27257,0.9546235542801964,0.9210734017363851,0.9138606108065779,0.9284009546539379
jw_tf,address_heavy,severe,split,abbreviate,2,10046,27314,0.9543557398204188,0.9142238835333464,0.9035582344934863,0.9251443360541509
jw_tf,address_heavy,severe,split,expand,0,10070,27306,0.9500287151732475,0.914782779634362,0.9055263669974704,0.9242303872889771
jw_tf,address_heavy,severe,split,expand,1,10056,27220,0.9532704221127343,0.920594186448206,0.9137846575879298,0.9275059665871122
jw_tf,address_heavy,severe,split,expand,2,10046,27276,0.9505983461240136,0.9134733631757588,0.9029466109112126,0.9242484570973521
jw_tf,full,garbled,split,none,0,10070,27592,0.9890507449560384,0.9743054520153073,0.97522634563725,0.9733862959285005
jw_tf,full,garbled,split,none,1,10056,27445,0.9891315976072311,0.9738188682994684,0.972997121016579,0.9746420047732697
jw_tf,full,garbled,split,none,2,10046,27525,0.9890264882306089,0.9742442322991248,0.973276375918935,0.9752140155285686
jw_tf,full,garbled,split,abbreviate,0,10070,27599,0.9877881491113203,0.9690422605651412,0.9761209068010076,0.9620655412115193
jw_tf,full,garbled,split,abbreviate,1,10056,27484,0.9878937429651944,0.9697667434177595,0.9763152590203588,0.9633054892601431
jw_tf,full,garbled,split,abbreviate,2,10046,27568,0.9879519078795027,0.9710768614891914,0.9763533910243509,0.9658570575353375
jw_tf,full,garbled,split,expand,0,10070,27584,0.987114786559208,0.9692092372288313,0.975744766505636,0.9627606752730884
jw_tf,full,garbled,split,expand,1,10056,27474,0.9874381595696101,0.9688581314878894,0.9772382397572079,0.9606205250596659
jw_tf,full,garbled,split,expand,2,10046,27533,0.9872723350994788,0.9700580813138395,0.9759218214789442,0.964264383834362
jw_tf,address_heavy,garbled,split,none,0,10070,26193,0.9317912421977924,0.9099250197316495,0.904038423838463,0.9158887785501489
jw_tf,address_heavy,garbled,split,none,1,10056,25936,0.9287500022363847,0.9138093584081775,0.9119540457561652,0.9156722354813047
jw_tf,address_heavy,garbled,split,none,2,10046,26126,0.9310054231574942,0.9091537815541174,0.9024222810630578,0.9159864622735417
jw_tf,address_heavy,garbled,split,abbreviate,0,10070,26420,0.9304845613859863,0.8942317304808558,0.9002616747181964,0.8882820258192652
jw_tf,address_heavy,garbled,split,abbreviate,1,10056,26202,0.9302235777749689,0.8967667320360034,0.9070287864917099,0.8867342879872713
jw_tf,address_heavy,garbled,split,abbreviate,2,10046,26377,0.9284939330100889,0.8920682730923695,0.8998379582742556,0.8844316145729644
jw_tf,address_heavy,garbled,split,expand,0,10070,26292,0.926458110985278,0.8924510344136652,0.9004346507631659,0.8846077457795432
jw_tf,address_heavy,garbled,split,expand,1,10056,26071,0.9259267746396829,0.8942127874652515,0.9092404152533662,0.8796738265712013
jw_tf,address_heavy,garbled,split,expand,2,10046,26187,0.9233647247527712,0.8884971796937953,0.899184505606524,0.8780609197690623
