metric,noise,regime,treatment,auc,true_mean,nonmatch_mean
jaro_winkler,default,consistent,none,0.9995648081399341,0.9978811208556648,0.5011479066166352
jaro,default,consistent,none,0.9995649571715298,0.9971852532383805,0.500956431079767
levenshtein_norm,default,consistent,none,0.9995838797909662,0.9958452037621888,0.17632073286141214
damerau_lev_norm,default,consistent,none,0.9995833955227651,0.9958506892545973,0.17913982290413794
jaro_winkler,default,consistent,abbreviate,0.9995399617680224,0.9977168101023824,0.4985846565284874
jaro,default,consistent,abbreviate,0.9995393338752676,0.9969697682238454,0.4983888488612772
levenshtein_norm,default,consistent,abbreviate,0.9995808241363435,0.9950048435705126,0.18124092546530332
damerau_lev_norm,default,consistent,abbreviate,0.9995799171050442,0.9950103290629211,0.18467366470894975
jaro_winkler,default,consistent,expand,0.9995454745853041,0.9977481743947043,0.5215200509260268
jaro,default,consistent,expand,0.9995335307674175,0.9969696375026741,0.5212980059907655
levenshtein_norm,default,consistent,expand,0.9995418393633646,0.9952939359588365,0.19472405118117259
damerau_lev_norm,default,consistent,expand,0.9995413594883852,0.9952982268328983,0.1960662257766261
jaro_winkler,default,split,none,0.9991298232668369,0.9581749993870105,0.49926834605242204
jaro,default,split,none,0.9991248463230469,0.932560897958533,0.4990725152602893
levenshtein_norm,default,split,none,0.9993170407724726,0.8076417810981518,0.1662330236806473
damerau_lev_norm,default,split,none,0.9993164007010705,0.8076460719722135,0.1680826741337002
jaro_winkler,default,split,abbreviate,0.999302725680329,0.9977168101023824,0.49856391492064045
jaro,default,split,abbreviate,0.999302580363168,0.9969697682238454,0.49835473409063485
levenshtein_norm,default,split,abbreviate,0.9993437406041472,0.9950048435705126,0.1815960553513773
damerau_lev_norm,default,split,abbreviate,0.9993428166573609,0.9950103290629211,0.18510986295618434
jaro_winkler,default,split,expand,0.9993084471211088,0.9977481743947043,0.5218282961381618
jaro,default,split,expand,0.9992972698658015,0.9969696375026741,0.5215847129547772
levenshtein_norm,default,split,expand,0.9993045445104694,0.9952939359588365,0.1961257382705714
damerau_lev_norm,default,split,expand,0.9993040162994865,0.9952982268328983,0.19756643730239273
jaro_winkler,default,mixed,none,0.9992211501665446,0.9780647598453771,0.5046234518796746
jaro,default,mixed,none,0.999203086323088,0.9649271330116326,0.5044095884195768
levenshtein_norm,default,mixed,none,0.9991652940429978,0.9017564651264094,0.17730330263430827
damerau_lev_norm,default,mixed,none,0.9991639477703187,0.9017619506188178,0.17935952693068524
jaro_winkler,default,mixed,abbreviate,0.9993345628263193,0.9977168101023824,0.4981535615583707
jaro,default,mixed,abbreviate,0.9993340113411254,0.9969697682238454,0.4979452828867341
levenshtein_norm,default,mixed,abbreviate,0.9993747675162126,0.9950048435705126,0.18157524089339278
damerau_lev_norm,default,mixed,abbreviate,0.9993741261443388,0.9950103290629211,0.18499317725234501
jaro_winkler,default,mixed,expand,0.9993392055071268,0.9977481743947043,0.5214020191973084
jaro,default,mixed,expand,0.999327098852691,0.9969696375026741,0.5211824052743725
levenshtein_norm,default,mixed,expand,0.9993339194269264,0.9952939359588365,0.19528669406008153
damerau_lev_norm,default,mixed,expand,0.9993334466770575,0.9952982268328983,0.19671283212183507
jaro_winkler,default,dropsuffix,none,0.9963843322942892,0.9718060436228904,0.4759579821464026
jaro,default,dropsuffix,none,0.9963508001697374,0.9572502390327674,0.4757508999578544
levenshtein_norm,default,dropsuffix,none,0.9978167343224107,0.8856246894065744,0.15859425574486427
damerau_lev_norm,default,dropsuffix,none,0.9977680840017273,0.8856324276078653,0.1605759624395395
jaro_winkler,default,dropsuffix,abbreviate,0.9964501938866498,0.9741305621723011,0.4725169774354826
jaro,default,dropsuffix,abbreviate,0.9964311477101917,0.9610415797896381,0.47233040757267863
levenshtein_norm,default,dropsuffix,abbreviate,0.9986413270141673,0.8965839296816531,0.16013468032588557
damerau_lev_norm,default,dropsuffix,abbreviate,0.9986113788675356,0.8965894151740618,0.1624901340530255
jaro_winkler,default,dropsuffix,expand,0.9954143127541686,0.9641987849076078,0.49094958007520584
jaro,default,dropsuffix,expand,0.9950929722665692,0.9449051166588707,0.490722728262403
levenshtein_norm,default,dropsuffix,expand,0.9922335668178366,0.8512554241740813,0.17237164575122685
damerau_lev_norm,default,dropsuffix,expand,0.9921705207736592,0.8512576768829637,0.17350712778925317
jaro_winkler,elevated,consistent,none,0.9993176329107827,0.9899645537583378,0.5004993314042222
jaro,elevated,consistent,none,0.9993183469497052,0.9867610948003673,0.5003180834827992
levenshtein_norm,elevated,consistent,none,0.9993763922652281,0.9806777739320952,0.1767354107779595
damerau_lev_norm,elevated,consistent,none,0.9993756359854795,0.980692975591211,0.17953376535971194
jaro_winkler,elevated,consistent,abbreviate,0.9992394877206182,0.9890725327962108,0.49760842469591715
jaro,elevated,consistent,abbreviate,0.999239339708764,0.9856022509582427,0.4974050660057446
levenshtein_norm,elevated,consistent,abbreviate,0.9993544070980408,0.9766274132654487,0.1810008941195368
damerau_lev_norm,elevated,consistent,abbreviate,0.9993526566382116,0.9766430708299337,0.18433106444594097
jaro_winkler,elevated,consistent,expand,0.9991694041076133,0.9890830907095783,0.5201139754371503
jaro,elevated,consistent,expand,0.9991199025905195,0.9854933230760158,0.5198878106464162
levenshtein_norm,elevated,consistent,expand,0.9991628895584651,0.9777583078955162,0.1943600017810275
damerau_lev_norm,elevated,consistent,expand,0.999161042451626,0.9777719159487606,0.1957484545309274
jaro_winkler,elevated,split,none,0.9991467196026491,0.9507204328089102,0.49880789200130826
jaro,elevated,split,none,0.9991527653266704,0.924153246980755,0.4986226683705797
levenshtein_norm,elevated,split,none,0.9994119806016813,0.7987283480518377,0.16586045341531666
damerau_lev_norm,elevated,split,none,0.9994107664556633,0.7987425729182285,0.16766378504305873
jaro_winkler,elevated,split,abbreviate,0.9993252206941694,0.9890725327962108,0.49745519664181886
jaro,elevated,split,abbreviate,0.9993235429221183,0.9856022509582427,0.49725744686114465
levenshtein_norm,elevated,split,abbreviate,0.999443243594446,0.9766274132654487,0.18033203593975342
damerau_lev_norm,elevated,split,abbreviate,0.9994415891388646,0.9766430708299337,0.18367223926682663
jaro_winkler,elevated,split,expand,0.9992446582366911,0.9890830907095783,0.5199334118885899
jaro,elevated,split,expand,0.9991895803425568,0.9854933230760158,0.5197162182594363
levenshtein_norm,elevated,split,expand,0.9992420423991387,0.9777583078955162,0.1942550752067339
damerau_lev_norm,elevated,split,expand,0.9992395559848886,0.9777719159487606,0.19560167203383386
jaro_winkler,elevated,mixed,none,0.9991718412285445,0.9699101730542129,0.5043803243631958
jaro,elevated,mixed,none,0.9991373020729001,0.9548839662751332,0.5041895317180868
levenshtein_norm,elevated,mixed,none,0.9991746896688952,0.8880421146614677,0.17696974786628006
damerau_lev_norm,elevated,mixed,none,0.999171612447655,0.8880565272535987,0.17903600285572766
jaro_winkler,elevated,mixed,abbreviate,0.9992402676663684,0.9890725327962108,0.4977520300950218
jaro,elevated,mixed,abbreviate,0.9992366007514026,0.9856022509582427,0.4975744130832546
levenshtein_norm,elevated,mixed,abbreviate,0.9993525554896997,0.9766274132654487,0.18060014923306758
damerau_lev_norm,elevated,mixed,abbreviate,0.9993508918437338,0.9766430708299337,0.18406952561308634
jaro_winkler,elevated,mixed,expand,0.9991513678734361,0.9890830907095783,0.5204418620827698
jaro,elevated,mixed,expand,0.9990900809538575,0.9854933230760158,0.5202475838472084
levenshtein_norm,elevated,mixed,expand,0.9991559154427563,0.9777583078955162,0.1946718716179784
damerau_lev_norm,elevated,mixed,expand,0.9991535468677867,0.9777719159487606,0.19610783760582653
jaro_winkler,elevated,dropsuffix,none,0.9961099908057982,0.9637173142391455,0.4762979828275371
jaro,elevated,dropsuffix,none,0.9960798114007522,0.9475211356049711,0.4761473209546628
levenshtein_norm,elevated,dropsuffix,none,0.997517453644398,0.8726584594133018,0.15885675685063497
damerau_lev_norm,elevated,dropsuffix,none,0.9974649708668913,0.872678588873098,0.16088322300630295
jaro_winkler,elevated,dropsuffix,abbreviate,0.9961294304736279,0.9653191297993715,0.4730248975108598
jaro,elevated,dropsuffix,abbreviate,0.9960996623417157,0.9502866903347649,0.4728662858024227
levenshtein_norm,elevated,dropsuffix,abbreviate,0.9982749433962116,0.8803027381637875,0.15988548792260276
damerau_lev_norm,elevated,dropsuffix,abbreviate,0.9982392265042548,0.8803187711797529,0.16223831835492994
jaro_winkler,elevated,dropsuffix,expand,0.9948526845656114,0.9556317677982683,0.49100248672818886
jaro,elevated,dropsuffix,expand,0.994494432209998,0.9348431403499757,0.4908400292014489
levenshtein_norm,elevated,dropsuffix,expand,0.9914815810837014,0.8377917443523004,0.17251669687666535
damerau_lev_norm,elevated,dropsuffix,expand,0.9914105886495929,0.8378162317310656,0.17370430481490814
jaro_winkler,severe,consistent,none,0.9991822615391931,0.9700089277706198,0.49854386788543825
jaro,severe,consistent,none,0.9991874196509369,0.9611188999103699,0.4983340352911348
levenshtein_norm,severe,consistent,none,0.9994147695763145,0.9427551476435657,0.17488391139479473
damerau_lev_norm,severe,consistent,none,0.9994133475811482,0.9427996380260756,0.17750283635652223
jaro_winkler,severe,consistent,abbreviate,0.998966276423568,0.96787634597079,0.4961196971301492
jaro,severe,consistent,abbreviate,0.9989643140837555,0.9583692822154981,0.4958873160184004
levenshtein_norm,severe,consistent,abbreviate,0.9993009389984228,0.9323507085273645,0.1787110020613603
damerau_lev_norm,severe,consistent,abbreviate,0.9992978726523821,0.9324055838131341,0.181835751959252
jaro_winkler,severe,consistent,expand,0.9986365147983083,0.9673631583795179,0.5172699529963215
jaro,severe,consistent,expand,0.9984706904945891,0.9574039376568114,0.5170324932006348
levenshtein_norm,severe,consistent,expand,0.9985999322154369,0.934043620371845,0.19108080513497108
damerau_lev_norm,severe,consistent,expand,0.9985976424247414,0.9340909764283669,0.1925021081241027
jaro_winkler,severe,split,none,0.998703128324335,0.9324461628461,0.497748830976424
jaro,severe,split,none,0.9987176527004501,0.9038970127289044,0.4975686626222139
levenshtein_norm,severe,split,none,0.9991719314567534,0.7769245164276658,0.16489215159048345
damerau_lev_norm,severe,split,none,0.9991656499513271,0.7769697605696104,0.16674643269030254
jaro_winkler,severe,split,abbreviate,0.9988495943904748,0.96787634597079,0.4957481732034956
jaro,severe,split,abbreviate,0.9988407929159304,0.9583692822154981,0.49557516120727985
levenshtein_norm,severe,split,abbreviate,0.9991795565852473,0.9323507085273645,0.17728416294356453
damerau_lev_norm,severe,split,abbreviate,0.9991744913020087,0.9324055838131341,0.18048874164371742
jaro_winkler,severe,split,expand,0.998527422911546,0.9673631583795179,0.5168674974110934
jaro,severe,split,expand,0.9983693495101152,0.9574039376568114,0.5166745039087255
levenshtein_norm,severe,split,expand,0.9985140444674785,0.934043620371845,0.1899335585420546
damerau_lev_norm,severe,split,expand,0.9985080468260803,0.9340909764283669,0.19128675737180528
jaro_winkler,severe,mixed,none,0.9987222427629343,0.9499365379567323,0.5025187939577082
jaro,severe,mixed,none,0.9986562927660801,0.9307446436135745,0.5023344742249348
levenshtein_norm,severe,mixed,none,0.9988740224822112,0.8545863350337113,0.17463833196559445
damerau_lev_norm,severe,mixed,none,0.998865095277271,0.8546402519301759,0.17665105506290463
jaro_winkler,severe,mixed,abbreviate,0.9989531061088958,0.96787634597079,0.49648961594429136
jaro,severe,mixed,abbreviate,0.9989435384946065,0.9583692822154981,0.49629338116742017
levenshtein_norm,severe,mixed,abbreviate,0.9992783319982044,0.9323507085273645,0.17829901835899414
damerau_lev_norm,severe,mixed,abbreviate,0.999274224591752,0.9324055838131341,0.18153564973021225
jaro_winkler,severe,mixed,expand,0.9986249059490436,0.9673631583795179,0.5175378175627795
jaro,severe,mixed,expand,0.9984599314315501,0.9574039376568114,0.5173208454359552
levenshtein_norm,severe,mixed,expand,0.9985618102515885,0.934043620371845,0.1909592610510776
damerau_lev_norm,severe,mixed,expand,0.9985563365258762,0.9340909764283669,0.19231857401241556
jaro_winkler,severe,dropsuffix,none,0.9956168798711712,0.9438853320729834,0.47522421304505646
jaro,severe,dropsuffix,none,0.995570776263486,0.9241016828284025,0.4750552014472347
levenshtein_norm,severe,dropsuffix,none,0.9969820643098757,0.8415638412228766,0.15719335557742706
damerau_lev_norm,severe,dropsuffix,none,0.9969158467954793,0.8416334512691999,0.15909437027485335
jaro_winkler,severe,dropsuffix,abbreviate,0.9956676800584985,0.9442045936414125,0.47245600154158723
jaro,severe,dropsuffix,abbreviate,0.99562971840559,0.9249307475873162,0.4722854782932026
levenshtein_norm,severe,dropsuffix,abbreviate,0.9975470240406326,0.8422790431151748,0.15817867308912859
damerau_lev_norm,severe,dropsuffix,abbreviate,0.9975115499255887,0.8423606718975736,0.16034497911644693
jaro_winkler,severe,dropsuffix,expand,0.9937849474819853,0.9347265474415194,0.48940659267833037
jaro,severe,dropsuffix,expand,0.9933734377432468,0.910759657529915,0.4892324501801837
levenshtein_norm,severe,dropsuffix,expand,0.9907320466757333,0.8056053542596007,0.1690863251104987
damerau_lev_norm,severe,dropsuffix,expand,0.9906494117494117,0.8056659631582228,0.17026522704335878
jaro_winkler,garbled,consistent,none,0.9924155110953654,0.9502154689249611,0.49697066687249164
jaro,garbled,consistent,none,0.9923980108538212,0.9454358950746836,0.49677456108937984
levenshtein_norm,garbled,consistent,none,0.9966673459083658,0.9143472127737484,0.17359694865061215
damerau_lev_norm,garbled,consistent,none,0.9966219569380022,0.9145619436606192,0.1761718737009461
jaro_winkler,garbled,consistent,abbreviate,0.9911717536806586,0.9483214009677177,0.49469716696556437
jaro,garbled,consistent,abbreviate,0.9911282352463089,0.9435140244331984,0.49449907802445814
levenshtein_norm,garbled,consistent,abbreviate,0.9951640686035531,0.908061448342586,0.17748598914745725
damerau_lev_norm,garbled,consistent,abbreviate,0.9950565937210296,0.9082856040278936,0.18071554789178274
jaro_winkler,garbled,consistent,expand,0.9866545825736974,0.9465694595655698,0.5151920088499323
jaro,garbled,consistent,expand,0.9864083980677127,0.9418658971619106,0.5149673331759443
levenshtein_norm,garbled,consistent,expand,0.9906405711308862,0.9056358226370957,0.18878978571442637
damerau_lev_norm,garbled,consistent,expand,0.9906593934206483,0.9058306623668229,0.19015030756565288
jaro_winkler,garbled,split,none,0.9904919179369316,0.9132172063096373,0.4955401310512221
jaro,garbled,split,none,0.990500053682743,0.8886281303480252,0.495368628029948
levenshtein_norm,garbled,split,none,0.9958839327271883,0.7502624582739594,0.16297237835013714
damerau_lev_norm,garbled,split,none,0.9958784838895782,0.7504713403259793,0.16471213953590455
jaro_winkler,garbled,split,abbreviate,0.9912886458638527,0.9483214009677177,0.49455365175807725
jaro,garbled,split,abbreviate,0.991237432400012,0.9435140244331984,0.49439757964360126
levenshtein_norm,garbled,split,abbreviate,0.9953129067788422,0.908061448342586,0.17637256071080215
damerau_lev_norm,garbled,split,abbreviate,0.995212970420076,0.9082856040278936,0.1795766744629196
jaro_winkler,garbled,split,expand,0.9868787019350005,0.9465694595655698,0.5144241330258761
jaro,garbled,split,expand,0.9866467549478027,0.9418658971619106,0.5142340503337739
levenshtein_norm,garbled,split,expand,0.9908696138956643,0.9056358226370957,0.18796672388073885
damerau_lev_norm,garbled,split,expand,0.9908894664671775,0.9058306623668229,0.18934318935697525
jaro_winkler,garbled,mixed,none,0.9895514910418376,0.9302931308175847,0.5006100606851691
jaro,garbled,mixed,none,0.9894643496409449,0.9155776243387784,0.5004175654384663
levenshtein_norm,garbled,mixed,none,0.9940664656510616,0.8280970045550038,0.17322567837537947
damerau_lev_norm,garbled,mixed,none,0.9940361184964022,0.8283063292726095,0.17523951759003628
jaro_winkler,garbled,mixed,abbreviate,0.9910889780345528,0.9483214009677177,0.49494968744614903
jaro,garbled,mixed,abbreviate,0.9910341023895445,0.9435140244331984,0.4947828716932405
levenshtein_norm,garbled,mixed,abbreviate,0.9951476158602083,0.908061448342586,0.17736815629190497
damerau_lev_norm,garbled,mixed,abbreviate,0.9950454642858422,0.9082856040278936,0.18051075217877677
jaro_winkler,garbled,mixed,expand,0.9866857841675835,0.9465694595655698,0.5152457667860875
jaro,garbled,mixed,expand,0.9864436301292967,0.9418658971619106,0.5150442368019164
levenshtein_norm,garbled,mixed,expand,0.9907600296807103,0.9056358226370957,0.188769968791808
damerau_lev_norm,garbled,mixed,expand,0.9907782805565171,0.9058306623668229,0.19013119412398174
jaro_winkler,garbled,dropsuffix,none,0.9884427295374412,0.9247208339269765,0.47252697920824355
jaro,garbled,dropsuffix,none,0.9884245189841585,0.908942929862091,0.4723261668687345
levenshtein_norm,garbled,dropsuffix,none,0.9930409358071346,0.81459226322755,0.15488992734436374
damerau_lev_norm,garbled,dropsuffix,none,0.9929566944256669,0.8148015461193466,0.15674166363269287
jaro_winkler,garbled,dropsuffix,abbreviate,0.9876960573146453,0.9252838799781202,0.4698687734506378
jaro,garbled,dropsuffix,abbreviate,0.9876823966962164,0.9106624027796031,0.4696617086673638
levenshtein_norm,garbled,dropsuffix,abbreviate,0.9925213629173865,0.8191234552497529,0.15606787525932989
damerau_lev_norm,garbled,dropsuffix,abbreviate,0.9924362067502942,0.8193511153711559,0.15820651753765252
jaro_winkler,garbled,dropsuffix,expand,0.9835099117857117,0.9151877896930336,0.48603999923515956
jaro,garbled,dropsuffix,expand,0.9831648108519628,0.8957583625236166,0.485845140553966
levenshtein_norm,garbled,dropsuffix,expand,0.9842352830545833,0.7790007358652073,0.16663726625312442
damerau_lev_norm,garbled,dropsuffix,expand,0.9842318611413087,0.7791975481608396,0.1677969041886536
