country	model	peak1_day	peak1_mag	peak1_day_lo	peak1_day_hi	peak1_mag_lo	peak1_mag_hi	peak2_day	peak2_mag	peak2_day_lo	peak2_day_hi	peak2_mag_lo	peak2_mag_hi	data_peak1_day	data_peak1_mag	data_peak2_day	data_peak2_mag	area_pred	aicc_inc	r2adj_train	r0_med	r0_lo	r0_hi	aicc_inc_osi	osi_rms_train	x_rebound	reff_med	reff_lo	reff_hi
austria	sir	36	6.765063984313533e-05	35.0	200.0	6.288869867530668e-05	7.912115775804909e-05	213	0.023050066047814503	210.475	215.0	0.011932199263597317	0.1352763789233952	33	8.9628999962027e-05	266	0.0008366273333690117	0.21459391828797225	-2196.8999180389997	0.5202668058339686	3.925823685575659	0.012008374292118124	4.266343102315961						
austria	sirx	35	6.380963655132853e-05	35.0	35.0	6.373661360650231e-05	6.386158672768096e-05	265	0.005990011876905457	265.0	266.0	0.0059787084197890404	0.00600342988484094	33	8.9628999962027e-05	266	0.0008366273333690117	0.20622688541895767	-2370.4960981504396	0.7945781179479247	1.4854386580302799	1.4850182324368342	1.4854561599845104	-3223.6869651740462	0.19455434075318098	0.0	1.3250315470182874	0.8828731262162972	1.3250472906588113
austria	sirx_s2	200	7.081301043264853e-05	35.0	200.0	6.330230347509817e-05	9.350778220590114e-05	217	0.062390047573588146	217.0	219.0	0.06182833629017553	0.06695671442319223	33	8.9628999962027e-05	266	0.0008366273333690117	0.6628767979129204	-1870.7823313683139	0.5256692706017219	3.460156530512876	0.004079512510167065	3.499118280681393	-2819.0724474839917	0.357093314056643	0.9999771258915319	3.460139206932569	0.0037987004438874085	3.4991181687100243
belarus	sir	85	0.00012324575950080588	85.0	86.0	0.00011111935304544401	0.00013421357130471027	278	0.01837381386834319	277.0	279.0	0.01731478579179812	0.019776954900927027	81	0.00010131233338092051	293	0.0002047061666745861	0.46969534426407844	-1538.3460278152588	0.9316347434380707	1.6999978905984456	1.1441777642568107	1.734708799705051						
belarus	sirx	84	0.00011016510624598587	84.0	84.0	0.00010935162060140894	0.00011075452710977285	280	0.019192474639569815	280.0	280.0	0.01918016013763235	0.019202928689488665	81	0.00010131233338092051	293	0.0002047061666745861	0.5247634108771753	-1510.3849880610487	0.9635361069172703	1.7836671100707422	0.8292656753934996	1.7843735280610933	-2189.2984890285234	0.2874828018992375	2.104881481357422e-10	1.783667107567859	0.8292656753317391	1.7843735255568687
belarus	sirx_s2	82	0.00013125975059236541	82.0	82.0	0.00013028243798007203	0.000132147487495912	308	0.005891516246336079	308.0	308.0	0.005776744553396959	0.006005456578487533	81	0.00010131233338092051	293	0.0002047061666745861	0.2498634777693515	-1699.218512474843	0.6734993112723107	2.230021069748234	0.9864341209719444	2.2314159624646317	-2281.3308919045894	0.3512679631156996	0.16450640257834992	1.878547965890939	0.70849871838408	1.8796783674883126
belgium	sir	72	0.0001292731150619897	70.0	73.0	0.00011198966113063833	0.0001430738289419539	255	0.01838610816889596	246.0	259.0	0.005500944662375767	0.04486113215657502	78	0.00012747583333815087	272	0.0015559608333247767	0.366853263181349	-2146.817834740942	0.6699189571867483	4.05653604925617	0.3999856696429421	4.671463362668127						
belgium	sirx	75	0.0001227684319833528	74.0	76.0	0.0001171835471731106	0.0001287284330029217	265	0.01267602688952117	263.0	266.0	0.01238477757391385	0.013015768947511365	78	0.00012747583333815087	272	0.0015559608333247767	0.4135342702664809	-2176.1718214261696	0.7182493313002094	1.9996673084615582	0.808458389780952	2.0049606329870913	-3086.8157709128322	0.47858292156414645	0.9999999977039087	1.931822556110108	0.657177573542723	1.9386644446991494
belgium	sirx_s2	66	0.0001415089178126166	66.0	66.0	0.00014032537036817716	0.00014282176363337074	271	0.0001468907695836124	271.0	271.0	0.00014516867270337842	0.00014967389884981374	78	0.00012747583333815087	272	0.0015559608333247767	0.04092528349108321	-2845.443708467346	0.8788291206118318	1.773031970812812	1.3317515952838992	1.7738099972876389	-3757.590490257163	0.3970719070755976	4.603904558186933e-05	1.400285430160465	0.8956600915670984	1.400934492736104
denmark	sir	230	0.00010307926668176796	230.0	230.0	9.649939574803959e-05	0.00010923521602676883	267	0.00018895225487980773	263.0	270.0	0.00015238052453389974	0.00022539961162644723	209	9.617600007734538e-05	298	0.0006289778333007033	0.016709990627528842	-2309.2303180944373	0.6805338947233854	1.404943074480841	1.244272654978811	1.4236352054730663						
denmark	sirx	209	8.378668429546375e-05	208.0	209.0	8.365738962652027e-05	8.392446011592169e-05	231	6.949493975341178e-05	231.0	231.0	6.921571995198917e-05	6.992222269498615e-05	209	9.617600007734538e-05	298	0.0006289778333007033	0.0255585117072629	-2238.5575510386725	0.7857706924434119	3.110820486001803	1.047130423717099	3.110965432044272	-2868.179945606206	0.35067395985272626	0.0005093332228518488	1.5198981666953681	0.6335276822813285	1.5199748704133467
denmark	sirx_s2	214	9.755133010728394e-05	213.0	214.0	9.506524154176723e-05	0.00010065032047743556	231	6.14985098741897e-05	231.0	231.0	5.984863861713594e-05	6.314606369754665e-05	209	9.617600007734538e-05	298	0.0006289778333007033	0.024564337253080583	-2249.315949639531	0.8905671209720231	1.562763376483317	0.88056799687467	1.5677663235584687	-2879.0029305727758	0.5552623374147847	0.0038248209204501116	1.369044394448317	0.8675284653509129	1.3761840908489658
finland	sir	53	2.3108906623846696e-05	53.0	54.0	2.2530594021615452e-05	2.36877378001133e-05	252	0.004739486943388907	249.0	256.0	0.0035670889286272683	0.009730136011505502	45	2.9769999927807217e-05	293	8.810083328520481e-05	0.11854015060377149	-2457.3515292120373	0.9288927788326207	2.74803361201538	0.6864120528332794	2.9303612375268657						
finland	sirx	53	2.3074593038066798e-05	52.0	54.0	2.2475317073052615e-05	2.370552670038189e-05	251	0.0038638408055851636	244.95	256.04999999999995	0.0033686761881186627	0.005801389965606622	45	2.9769999927807217e-05	293	8.810083328520481e-05	0.09720991582254848	-2501.691435629957	0.9264917343455756	2.072420903131763	0.5505967059893884	2.337938085899596	-3403.190705650444	0.4959728152463437	0.019982683781617414	2.0695093306595416	0.550596705990964	2.3304777326773825
finland	sirx_s2	53	2.3084945305228624e-05	52.0	54.0	2.2511662134814644e-05	2.3713558152171727e-05	252	0.004122110303112202	243.95	256.0	0.0025924560847316084	0.009244651251809172	45	2.9769999927807217e-05	293	8.810083328520481e-05	0.10718979668239159	-2478.2342410843203	0.9267507017282248	2.130461265115596	0.5477985242471776	2.3331168966682907	-3418.437238197644	0.49452430174610135	0.04912774550418794	2.126722112345384	0.5477985242181826	2.3329326306284304
france	sir	200	0.00014363069556846364	200.0	200.0	0.0001349881862802641	0.00015146716417095555	253	0.015356584499649611	248.0	257.0	0.006743315097278833	0.027508354178600612	200	0.00011227916666590227	259	0.0011448329999952914	0.4833869228406165	-2139.3002724402154	0.8035637488971497	1.7376499262395328	0.9413671902007741	2.362959594051872						
france	sirx	200	0.00013893909803245076	200.0	200.0	0.00013492798053133214	0.00014168953495863486	208	0.0001950622502938061	207.0	210.0	0.0001744940043465399	0.000220255539327278	200	0.00011227916666590227	259	0.0011448329999952914	0.041490892001832376	-2899.9111364795413	0.8109138584609499	1.4356490868263854	0.8922626916809564	1.4389876258745138	-3903.0509262207306	0.6547428748768411	0.8622685988673784	1.366640075023377	0.8904195544383627	1.3697996175288925
france	sirx_s2	200	0.00012773660781410779	200.0	200.0	0.0001261843374910367	0.00012871897411082553	268	0.0028605270379994624	268.0	268.0	0.0028462533061287365	0.0028719569859701173	200	0.00011227916666590227	259	0.0011448329999952914	0.12802740369849666	-2564.8980146065114	0.9565553757626716	1.588769427501215	1.316828472485816	1.5889768665443913	-3499.99392906146	0.4167555657346709	3.3847260549890734e-09	1.3557113956972549	0.9306649160024102	1.3558780638753825
germany	sir	41	6.174395944264996e-05	40.0	42.0	5.95575953494993e-05	6.433249152860336e-05	220	0.011410464581377549	217.0	223.0	0.007768110627706812	0.02964213498572715	37	6.859999999761291e-05	300	0.0003137203333306996	0.15066610606214137	-2337.059120900608	0.7990044186598764	2.9353472191758163	0.18439828767729718	3.6794597131395292						
germany	sirx	35	7.573216350724792e-05	35.0	35.0	7.544935337108856e-05	7.601823235390802e-05	297	0.000703859854591172	297.0	297.0	0.0006996700621342386	0.0007109080499504734	37	6.859999999761291e-05	300	0.0003137203333306996	0.02709438571507385	-2987.9497152763747	0.9324785854205943	1.9445438396955783	1.6337511682557455	1.94465870335759	-3934.4993390761833	0.3612735862824984	2.265875820306462e-09	1.6210785524508282	0.9164945652260267	1.6212039610808087
germany	sirx_s2	36	7.865700640027224e-05	36.0	36.0	7.850966960110536e-05	7.879438345425833e-05	296	0.0012526845547220513	296.0	296.0	0.001242453266424425	0.0012665131438427044	37	6.859999999761291e-05	300	0.0003137203333306996	0.0599126415746168	-2765.7046210979324	0.9362666545078993	1.964642839625772	1.612906754985418	1.9648142603732455	-3712.2543031297096	0.3607721427323352	5.717071902555659e-07	1.5968558556287828	0.9056879347180469	1.5969978576909594
ireland	sir	51	0.00014157623249528436	50.0	51.0	0.00013544438884120072	0.00015040381339899021	222	0.008332751991053735	218.0	225.0	0.0063493272975270075	0.016849364284560166	48	0.00020160866671824174	307	0.00023910850004435187	0.13801756059539555	-2320.3332047600757	0.899541824901121	4.001634801710303	0.04807021648665407	4.736385901093463						
ireland	sirx	50	0.00019723316074780198	50.0	51.0	0.00016419488973206205	0.00021918521687498365	216	0.010884899374536086	215.0	220.0	0.010260646950424503	0.014724880285522778	48	0.00020160866671824174	307	0.00023910850004435187	0.16821470990832038	-2278.1978706356535	0.7123970136127654	2.8784847213203024	0.2526232037239515	3.0357770069219754	-3016.3877528177227	0.6738084208448523	1.3552186476143676e-11	2.8784762254005294	0.2526232037341193	3.035776998503544
ireland	sirx_s2	51	0.00018055329515028146	51.0	51.0	0.0001770815708055231	0.00018390987970185246	201	1.8857538791123192e-10	201.0	201.0	1.6803071049975843e-10	2.0442500573536565e-10	48	0.00020160866671824174	307	0.00023910850004435187	0.03199706520594993	-2781.06407604557	0.8571693393449821	1.4215510640461941	1.004997933468602	1.4226750517586544	-3761.0619269553863	0.4511754336766958	0.0	1.4215079292016748	0.7404029511640401	1.4226319335289115
netherlands	sir	200	1.7426032428250236e-05	200.0	200.0	1.57796222728915e-05	1.906691561947265e-05	255	0.010813763337841288	249.0	261.525	0.007361863687095926	0.018708230930270006	48	1.3933333334924728e-05	300	0.0001446955000040461	0.2991669955349361	-2194.5254154428067	0.6294301693173706	2.4574899696684653	0.7561894716643696	2.6410032257280487						
netherlands	sirx	200	1.7520930002431953e-05	200.0	200.0	1.589424078269141e-05	1.939328325746463e-05	258	0.013984356181562862	248.0	262.0	0.0028185017098902743	0.025701381933964398	48	1.3933333334924728e-05	300	0.0001446955000040461	0.38160372190731584	-2114.9729085077633	0.6046416134224417	1.6312320374096105	0.6479359776594994	1.993004912201226	-2887.844573555666	0.5906560391020335	0.019999617051412864	1.6291554162773099	0.6479359776235961	1.9916096256491678
netherlands	sirx_s2	200	1.7448323357864972e-05	200.0	200.0	1.5406847770714972e-05	1.9196805963501447e-05	257	0.006491557681171053	217.0	263.0	0.00012184274438197658	0.02295762231306804	48	1.3933333334924728e-05	300	0.0001446955000040461	0.17733529758318778	-2327.377340437014	0.6336898658225346	1.7801102183575914	0.6422475421771846	2.025182690075715	-3366.7177245836774	0.5701502669779659	0.49996809202963066	1.7434844456001135	0.6422475421828507	2.013537026496862
norway	sir	36	4.068674564969365e-05	35.0	37.0	3.869640032575874e-05	4.2506509009404595e-05	226	0.008546711308476215	223.0	229.0	0.006257820012384008	0.02563446604278481	34	5.1133333308738716e-05	267	0.00012878133327774949	0.1355894499362398	-2361.5106376397694	0.8190134443876881	3.6565096634382304	0.08620663000778897	3.933191717715421						
norway	sirx	36	4.084147397162842e-05	35.0	37.0	3.8511799011248425e-05	4.342762159377094e-05	229	0.015927098858281818	223.0	233.0	0.005327040401599744	0.06466743749220592	34	5.1133333308738716e-05	267	0.00012878133327774949	0.26360264628915164	-2164.0090078911917	0.8158814334386439	2.852183190115474	0.057313399168130594	3.1691722553120294	-3067.4233482854816	0.5108056528396362	0.0900496662571168	2.8521831793429526	0.057313399165233404	3.169172255237275
norway	sirx_s2	41	0.0003078458605571884	41.0	200.0	0.0003081706197416045	0.00044945306596284347	217	0.002564759404404478	215.0	221.0	0.0026414581794010445	0.0030489011129726166	34	5.1133333308738716e-05	267	0.00012878133327774949	0.05742673586194821	-2643.378567349777	-74.2875247178442	1.620804324372079	0.9069030301193854	1.6754244818725428	-3493.077900578909	0.5258357160852262	2.3850870342687788e-11	1.6208043243292867	0.9069030301832349	1.6754244818954491
portugal	sir	200	6.0483580952977324e-05	200.0	200.0	5.374837977151221e-05	6.694431394771815e-05	277	0.002569868917658323	254.0	287.0	0.0005517918792379238	0.007870512543328502	41	8.086250004780954e-05	266	0.0006320503332987144	0.10826826140691495	-2475.406947387207	0.36141726506173955	1.5128377336460515	1.0671617568660572	1.8826181742399368						
portugal	sirx	34	5.547545599461779e-05	34.0	34.0	5.518850864518998e-05	5.573363685040577e-05	219	4.383476416133847e-05	217.0	219.0	4.147388312229568e-05	4.617514909330886e-05	41	8.086250004780954e-05	266	0.0006320503332987144	0.05448751058692292	-2657.2577865012427	0.5814746917850603	3.676738456665527	0.9822103074011086	3.678661148765502	-3603.4771711776148	0.46318027957055175	0.04634413643072266	1.4309399650020587	0.959980030339927	1.4314804246755213
portugal	sirx_s2	31	8.189341505720757e-05	31.0	31.0	8.113863915792034e-05	8.292912676542542e-05	281	0.00023055070705065028	280.0	282.0	0.00022734739632156514	0.00023741797824722126	41	8.086250004780954e-05	266	0.0006320503332987144	0.036393329659333555	-2723.1948261964776	0.7666039196651224	2.0702152037645885	1.8244574474991113	2.071105580014046	-3634.5884285066745	0.35180328266451333	7.109868249699502e-13	1.779123138058047	0.9558805587251152	1.7799865621523905
uk	sir	250	0.00015702255057642808	250.0	250.0	0.00015086117578317062	0.00016339687993223052	281	0.0008910606378149402	280.0	282.0	0.0008092247938224897	0.000970908762895517	250	0.0001706120000039478	336	0.0006016408333375192	0.04313503058915609	-2301.4152766668794	0.9244815006531172	1.591380543903726	1.2088087935672571	1.6194092735264987						
uk	sirx	250	0.0001337464112043875	250.0	250.0	0.0001307187706996067	0.00013645013592770188	317	0.0029908828427604255	317.0	318.0	0.002958571426857993	0.0030233905099114914	250	0.0001706120000039478	336	0.0006016408333375192	0.12041833290464424	-2024.1250650195443	0.9132023743436599	1.2959971802718884	1.0394236915398258	1.2970110601782514	-2837.1125953751916	0.3734259950011502	3.0883111623580817e-09	1.2124282038871854	0.9277088347680749	1.2133135708841893
uk	sirx_s2	250	0.00020321948835103475	250.0	250.0	0.0001981760746815773	0.00020675024869544392	304	0.024427361947368897	304.0	305.0	0.024397018092707636	0.024446138206924633	250	0.0001706120000039478	336	0.0006016408333375192	0.8072042071974284	-1563.2737558985318	0.833936113952902	2.1338426192002884	0.7200865590292695	2.135374332683724	-2150.9710475009533	0.6332338219370476	1.8710182182949418e-10	2.1338426170441167	0.7200865589899705	2.135374330531053
switzerland	sir	37	0.00011791539431520664	36.0	37.0	0.00011318733257626328	0.00012472271630489007	215	0.010565139353384639	213.0	217.52499999999998	0.008764070026909952	0.01698792959585505	30	0.00013189483330410039	253	0.0013523391666325807	0.1776486825167125	-2367.047314678804	0.8117373005486701	3.5442248081961454	0.008328912527414918	4.2233660288230075						
switzerland	sirx	38	0.00012761014993398803	37.0	38.0	0.00012347434471429407	0.00013140944806705186	235	0.0016643061510812779	232.0	237.0	0.0013951542315770293	0.002308997105526766	30	0.00013189483330410039	253	0.0013523391666325807	0.037872124186769704	-2857.2282763332887	0.8921997782937305	1.9887068935203438	1.0085498294221713	2.0168601851064136	-3755.5056334675387	0.36769915232279804	0.9999999703436285	1.9016641208159795	0.47351499522171436	1.928162600002222
switzerland	sirx_s2	30	0.00013431006779826018	30.0	30.0	0.00013335067812764566	0.00013575063855017947	261	0.00872511054898941	260.0	261.0	0.008700322762632618	0.008753521239478132	30	0.00013189483330410039	253	0.0013523391666325807	0.2826691729496974	-2278.177213166905	0.9257615269761335	1.949255469307704	1.4929289139043689	1.9497717925720186	-3135.759625907541	0.4592552088667214	4.701911206272946e-05	1.5990623215640738	0.9010648753992663	1.599451036513125
