time	weekly_cases
0	0
7	26
14	37
21	52
28	44
35	74
42	67
49	108
56	93
63	139
70	98
77	141
84	166
91	128
98	142
105	166
112	207
119	133
126	108
133	136
140	158
147	145
154	122
161	161
168	222
175	247
182	190
189	285
196	316
203	319
210	303
217	270
224	267
231	210
238	235
245	205
252	157
259	137
266	98
273	119
280	198
287	305
294	525
301	659
308	716
315	772
322	1116
329	1314
336	1306
343	1469
350	1168
357	1351
364	963
371	757
378	654
385	822
392	903
399	774
406	732
413	1005
420	1254
427	944
434	915
441	1005
448	847
455	492
462	551
469	457
476	629
483	546
490	534
497	508
504	330
511	247
518	280
525	254
532	212
539	144
546	169
553	131
560	80
567	96
574	100
581	100
588	78
595	76
602	47
609	48
616	24
623	25
630	26
637	22
644	28
651	34
658	80
665	80
672	90
679	87
686	97
693	73
700	109
707	92
714	120
721	132
728	158
735	111
742	102
749	68
756	87
763	91
770	105
777	129
784	166
791	142
798	81
805	80
812	101
819	95
826	93
833	96
840	113
847	66
854	74
861	100
868	124
875	107
882	96
889	123
896	99
903	159
910	254
917	359
924	440
931	499
938	408
945	418
952	392
959	400
966	262
973	227
980	152
987	150
994	117
1001	148
1008	101
1015	91
1022	156
1029	169
1036	196
1043	149
1050	160
1057	142
1064	164
1071	143
1078	240
1085	246
1092	430
1099	480
1106	466
1113	474
1120	629
1127	718
1134	967
1141	1530
1148	1580
1155	1913
1162	1876
1169	2052
1176	1877
1183	1845
1190	1784
1197	1554
1204	1326
1211	1225
1218	1025
1225	752
1232	964
1239	978
1246	1269
1253	1444
1260	1462
1267	1420
1274	1876
1281	1471
1288	1199
1295	942
1302	1138
1309	1080
1316	949
1323	727
1330	646
1337	558
1344	478
1351	352
1358	276
1365	210
1372	171
1379	259
1386	217
1393	248
1400	230
1407	249
1414	202
1421	202
1428	251
1435	276
1442	325
1449	385
1456	384
1463	331
1470	354
1477	305
1484	262
1491	346
1498	256
1505	395
1512	295
1519	321
1526	227
1533	256
1540	318
1547	248
1554	281
1561	283
1568	162
1575	191
1582	182
1589	146
1596	153
1603	170
1610	158
1617	100
1624	131
1631	160
1638	146
1645	194
1652	291
1659	177
1666	226
1673	220
1680	221
1687	247
1694	178
1701	137
1708	132
1715	112
1722	73
1729	65
1736	61
1743	125
1750	132
1757	166
1764	310
1771	257
1778	272
1785	238
1792	506
1799	598
1806	701
1813	931
1820	1071
1827	997
1834	1165
1841	1039
1848	1421
1855	1668
1862	1976
1869	1858
1876	2064
1883	2594
1890	2723
1897	3172
1904	3117
1911	2680
1918	2366
1925	1972
1932	2064
1939	1450
1946	1173
1953	1133
1960	1089
1967	961
1974	761
1981	835
1988	586
1995	443
2002	361
2009	252
2016	218
2023	249
2030	207
2037	155
2044	86
2051	65
2058	55
2065	49
2072	38
2079	29
2086	19
2093	15
2100	14
2107	24
2114	30
2121	27
2128	32
2135	26
2142	30
2149	24
2156	40
2163	46
2170	34
2177	39
2184	26
2191	39
2198	39
2205	37
2212	16
2219	32
2226	32
2233	41
2240	54
2247	62
2254	92
2261	118
2268	87
2275	146
2282	188
2289	219
2296	290
2303	270
2310	216
2317	158
2324	131
2331	102
2338	145
2345	205
2352	204
2359	269
2366	335
2373	417
2380	425
2387	365
2394	384
2401	489
2408	523
2415	466
2422	487
2429	380
2436	328
2443	299
2450	244
2457	231
2464	222
2471	333
2478	366
2485	432
2492	592
2499	902
2506	822
2513	952
2520	1317
2527	1297
2534	1476
2541	2104
2548	2134
2555	2355
2562	1991
2569	2031
2576	2114
2583	2143
2590	1815
2597	2682
2604	3448
2611	3977
2618	3136
2625	3235
2632	2895
2639	2678
2646	2407
2653	2221
2660	2085
2667	1939
2674	1571
2681	1438
2688	1221
2695	558
2702	689
2709	700
2716	440
2723	369
2730	317
2737	204
2744	179
2751	116
2758	91
2765	62
2772	52
2779	28
2786	26
2793	15
2800	6
2807	10
2814	13
2821	5
2828	9
2835	10
2842	10
2849	11
2856	8
2863	10
2870	9
2877	7
2884	4
2891	13
2898	7
2905	34
2912	46
2919	28
2926	41
2933	35
2940	28
2947	52
2954	21
2961	42
2968	70
2975	106
2982	169
2989	127
2996	176
3003	162
3010	193
3017	222
3024	199
3031	202
3038	241
3045	217
3052	224
3059	225
3066	198
3073	165
3080	196
3087	194
3094	207
3101	251
3108	281
3115	218
3122	258
3129	204
3136	285
3143	212
3150	259
3157	179
3164	179
3171	144
3178	168
3185	140
3192	132
3199	186
3206	184
3213	250
3220	338
3227	443
3234	389
3241	493
3248	544
3255	743
3262	964
3269	861
3276	748
3283	1016
3290	922
3297	753
3304	737
3311	812
3318	846
3325	1117
3332	1156
3339	1471
3346	1309
3353	1317
3360	1409
3367	1469
3374	1764
3381	1483
3388	1929
3395	1661
3402	1397
3409	1182
3416	1037
3423	1024
3430	891
3437	1024
3444	897
3451	941
3458	659
3465	632
3472	402
3479	404
3486	573
3493	374
3500	377
3507	275
3514	300
3521	179
3528	194
3535	133
3542	68
3549	91
3556	65
3563	94
3570	79
3577	86
3584	84
3591	83
3598	89
3605	54
3612	55
3619	85
3626	56
3633	74
3640	74
3647	107
3654	99
3661	86
3668	106
3675	133
3682	238
3689	351
3696	292
3703	331
3710	361
3717	291
3724	333
3731	557
3738	816
3745	1206
3752	1340
3759	1443
3766	846
3773	931
3780	955
3787	746
3794	859
3801	664
3808	941
3815	953
3822	1001
3829	1186
3836	973
3843	851
3850	977
3857	804
3864	959
3871	621
3878	540
3885	374
3892	324
3899	266
3906	232
3913	184
3920	239
3927	348
3934	553
3941	537
3948	412
3955	555
3962	600
3969	482
3976	379
3983	522
3990	374
3997	494
4004	670
4011	736
4018	795
4025	640
4032	555
4039	562
4046	618
4053	727
4060	723
4067	1031
4074	1019
4081	1203
4088	1165
4095	742
4102	1009
4109	865
4116	818
4123	946
4130	806
4137	652
4144	501
4151	360
4158	454
4165	304
4172	378
4179	442
4186	341
4193	356
4200	277
4207	334
4214	259
4221	169
4228	162
4235	123
4242	98
4249	105
4256	85
4263	58
4270	50
4277	14
4284	27
4291	20
4298	58
4305	61
4312	33
4319	65
4326	54
4333	60
4340	41
4347	67
4354	73
4361	54
4368	64
4375	84
4382	135
4389	132
4396	119
4403	159
4410	162
4417	136
4424	154
4431	138
4438	179
4445	180
4452	251
4459	262
4466	423
4473	415
4480	391
4487	504
4494	409
4501	295
4508	274
4515	442
4522	500
4529	444
4536	445
4543	527
4550	594
4557	465
4564	734
4571	726
4578	629
4585	678
4592	427
4599	387
4606	274
4613	219
4620	188
4627	214
4634	186
4641	97
4648	110
4655	212
4662	162
4669	219
4676	194
4683	298
4690	290
4697	316
4704	337
4711	321
4718	353
4725	324
4732	322
4739	381
4746	639
4753	775
4760	704
4767	898
4774	833
4781	1068
4788	785
4795	1681
4802	2233
4809	2620
4816	2436
4823	2431
4830	2743
4837	2142
4844	2019
4851	1663
4858	1825
4865	1233
4872	1195
4879	1113
4886	893
4893	450
4900	697
4907	663
4914	452
4921	383
4928	303
4935	330
4942	219
4949	281
4956	162
4963	152
4970	158
4977	69
4984	66
4991	45
4998	29
5005	22
5012	17
5019	18
5026	13
5033	14
5040	7
5047	8
5054	15
5061	11
5068	10
5075	12
5082	13
5089	5
5096	16
5103	13
5110	13
5117	14
5124	12
5131	13
5138	10
5145	15
5152	15
5159	16
5166	22
5173	11
5180	24
5187	22
5194	21
5201	19
5208	26
5215	34
5222	22
5229	13
5236	24
5243	21
5250	23
5257	22
5264	31
5271	45
5278	67
5285	65
5292	82
5299	129
5306	141
5313	141
5320	167
5327	136
5334	126
5341	117
5348	80
5355	69
5362	69
5369	62
5376	50
5383	66
5390	55
5397	64
5404	67
5411	79
5418	75
5425	71
5432	114
5439	129
5446	146
5453	161
5460	174
5467	226
5474	278
5481	159
5488	248
5495	181
5502	227
5509	229
5516	242
5523	232
5530	269
5537	216
5544	276
5551	290
5558	322
5565	369
5572	505
5579	375
5586	489
5593	588
5600	496
5607	542
5614	585
5621	523
5628	675
5635	763
5642	977
5649	1316
5656	2011
5663	1973
5670	1976
5677	2171
5684	2080
5691	2501
5698	2390
5705	1733
5712	1595
5719	1061
5726	1141
5733	878
5740	704
5747	489
5754	518
5761	526
5768	539
5775	500
5782	589
5789	463
5796	411
5803	617
5810	546
5817	619
5824	702
5831	808
5838	653
5845	519
5852	707
5859	479
5866	388
5873	381
5880	389
5887	598
5894	421
5901	706
5908	737
5915	689
5922	693
5929	585
5936	639
5943	571
5950	654
5957	499
5964	473
5971	501
5978	348
5985	335
5992	332
5999	386
6006	253
6013	199
6020	258
6027	201
6034	202
6041	173
6048	137
6055	195
6062	142
6069	123
6076	102
6083	91
6090	73
6097	47
6104	54
6111	45
6118	100
6125	105
6132	98
6139	124
6146	142
6153	168
6160	127
6167	137
6174	121
6181	119
6188	142
6195	214
6202	217
6209	177
6216	187
6223	139
6230	136
6237	86
6244	187
6251	196
6258	177
6265	246
6272	290
6279	371
6286	416
6293	409
6300	570
6307	720
6314	415
6321	680
6328	389
6335	398
6342	394
6349	664
6356	633
6363	874
6370	1003
6377	1061
6384	839
6391	781
6398	1017
6405	918
6412	980
6419	1289
6426	1008
6433	1113
6440	1049
6447	935
6454	720
6461	567
6468	624
6475	378
6482	514
6489	486
6496	640
6503	593
6510	593
6517	515
6524	520
6531	463
6538	317
6545	296
6552	375
6559	432
6566	402
6573	373
6580	410
6587	350
6594	357
6601	248
6608	249
6615	244
6622	304
6629	311
6636	337
6643	382
6650	462
6657	565
6664	682
6671	763
6678	784
6685	913
6692	621
6699	685
6706	571
6713	609
6720	803
6727	879
6734	1050
6741	672
6748	852
6755	1153
6762	1285
6769	1272
6776	1042
6783	638
6790	678
6797	526
6804	434
6811	422
6818	387
6825	243
6832	222
6839	165
6846	145
6853	133
6860	195
6867	310
6874	309
6881	308
6888	258
6895	266
6902	275
6909	262
6916	196
6923	211
6930	322
6937	244
6944	249
6951	197
6958	133
6965	184
6972	107
6979	115
6986	135
6993	111
7000	139
7007	141
7014	107
7021	161
7028	374
7035	361
7042	467
7049	431
7056	375
7063	381
7070	296
7077	418
7084	576
7091	438
7098	305
7105	361
7112	261
7119	258
7126	252
7133	275
7140	320
7147	347
7154	300
7161	283
7168	228
7175	243
7182	168
7189	130
7196	98
7203	91
7210	74
7217	73
7224	74
7231	96
7238	137
7245	189
7252	226
7259	321
7266	291
7273	410
7280	605
7287	536
7294	633
7301	827
7308	896
7315	886
7322	837
7329	718
7336	869
7343	701
7350	973
7357	1222
7364	1486
7371	1326
7378	1119
7385	1163
7392	2028
7399	1911
7406	1764
7413	2054
7420	1659
7427	1475
7434	1449
7441	1234
7448	1133
7455	1000
7462	840
7469	894
7476	976
7483	810
7490	693
7497	595
7504	435
7511	616
7518	448
7525	268
7532	303
7539	223
7546	180
7553	117
7560	110
7567	68
7574	61
7581	49
7588	78
7595	66
7602	113
7609	163
7616	161
7623	161
7630	158
7637	176
7644	219
7651	183
7658	203
7665	161
