t_issue	t_target	h_weeks	q05	q25	q50	q75	q95	mean	observed
728	735	1	40.95	55.0	67.0	78.25	100.04999999999998	67.795	88.0
728	742	2	37.95	50.75	63.0	76.0	95.0	64.95	86.0
728	749	3	36.900000000000006	52.0	62.0	82.25	112.04999999999998	67.075	109.0
728	756	4	36.900000000000006	52.75	68.0	86.0	118.04999999999998	71.635	100.0
728	763	5	35.95	57.0	77.5	104.0	157.14999999999995	83.49	221.0
728	770	6	41.0	63.0	84.5	117.5	185.19999999999993	95.265	237.0
728	777	7	39.95	62.75	88.0	132.25	234.44999999999985	105.44	353.0
728	784	8	39.900000000000006	69.0	102.5	148.25	289.19999999999993	123.375	389.0
756	763	1	80.0	98.0	115.0	137.0	175.14999999999995	119.475	221.0
756	770	2	76.0	100.75	125.0	155.25	210.49999999999983	132.82	237.0
756	777	3	77.75	109.0	138.5	181.0	247.24999999999991	149.86	353.0
756	784	4	76.0	126.0	159.5	208.5	306.04999999999995	173.165	389.0
756	791	5	81.9	126.75	176.0	241.25	367.15	193.365	372.0
756	798	6	79.0	134.75	189.5	270.0	394.1999999999996	210.72	557.0
756	805	7	87.85000000000001	151.5	203.5	286.0	458.19999999999993	230.79	430.0
756	812	8	97.85000000000001	156.5	218.5	316.25	517.05	254.045	597.0
784	791	1	290.9	360.0	417.5	480.75	576.6999999999998	427.6	372.0
784	798	2	305.95	383.75	452.0	555.0	718.0999999999999	473.14	557.0
784	805	3	311.95	406.75	472.0	592.0	842.6999999999998	515.035	430.0
784	812	4	311.20000000000005	419.75	517.5	666.75	919.1999999999996	555.9	597.0
784	819	5	320.55	426.75	581.5	741.75	1086.1999999999998	616.86	675.0
784	826	6	308.7	468.5	625.5	822.25	1212.6999999999998	672.22	736.0
784	833	7	325.8	449.25	669.0	887.5	1275.1499999999996	713.245	950.0
784	840	8	319.75	479.0	690.5	966.5	1472.7999999999997	762.28	935.0
812	819	1	436.9	546.5	617.5	722.25	893.0	638.555	675.0
812	826	2	440.85	517.75	660.5	792.5	1035.25	686.535	736.0
812	833	3	420.95	594.75	722.5	926.5	1262.8999999999996	774.85	950.0
812	840	4	415.65000000000003	600.0	762.5	944.5	1368.4999999999998	812.495	935.0
812	847	5	378.55	529.75	696.0	972.0	1430.6	777.27	1054.0
812	854	6	323.6	490.5	687.0	913.25	1329.35	733.075	1056.0
812	861	7	307.9	484.75	683.0	904.75	1403.05	746.33	928.0
812	868	8	321.95	481.25	699.0	984.25	1442.05	787.345	836.0
840	847	1	636.45	788.75	901.0	1018.75	1196.0	909.96	1054.0
840	854	2	575.9	710.25	815.5	965.5	1161.7999999999997	841.765	1056.0
840	861	3	532.25	675.0	831.0	991.5	1337.6999999999991	859.63	928.0
840	868	4	524.2	677.0	853.0	1131.5	1538.7499999999998	927.37	836.0
840	875	5	510.85	656.75	886.0	1177.5	1719.1	964.955	1034.0
840	882	6	512.95	693.0	900.5	1292.25	1880.3999999999996	1018.76	967.0
840	889	7	511.05000000000007	681.25	1006.0	1344.25	2026.7499999999998	1078.01	1073.0
840	896	8	498.75	705.0	1002.0	1516.0	2179.35	1133.77	1081.0
868	875	1	641.7	774.0	906.5	1036.0	1252.3	916.945	1034.0
868	882	2	575.8	745.0	900.0	1068.0	1359.4499999999991	928.64	967.0
868	889	3	621.75	804.25	949.0	1203.0	1604.25	1024.885	1073.0
868	896	4	564.9	800.75	1030.0	1313.5	1616.1499999999996	1072.37	1081.0
868	903	5	553.6	796.0	1009.0	1353.0	1913.2499999999995	1099.47	977.0
868	910	6	559.5500000000001	803.5	1045.0	1365.5	2109.15	1144.7	866.0
868	917	7	549.5500000000001	806.5	1087.0	1438.0	2252.499999999999	1189.67	797.0
868	924	8	589.7	800.0	1096.0	1521.5	2272.2499999999986	1236.335	630.0
896	903	1	831.85	981.25	1112.0	1255.25	1506.9999999999993	1139.265	977.0
896	910	2	768.7	958.75	1137.5	1330.5	1727.25	1171.965	866.0
896	917	3	715.65	968.0	1154.0	1440.75	1967.8999999999996	1230.655	797.0
896	924	4	651.0	916.0	1192.5	1473.0	2099.5499999999993	1252.02	630.0
896	931	5	656.3000000000001	919.75	1216.0	1521.5	2309.699999999999	1292.2	492.0
896	938	6	589.8	945.75	1232.0	1589.75	2329.4499999999994	1306.36	478.0
896	945	7	507.20000000000005	819.25	1117.5	1455.75	2287.8499999999995	1219.555	376.0
896	952	8	447.75	693.0	918.5	1255.5	2101.949999999999	1048.855	350.0
924	931	1	472.75	598.75	680.5	765.0	913.05	690.405	492.0
924	938	2	453.9	566.25	672.5	809.75	1030.8499999999997	699.495	478.0
924	945	3	402.65000000000003	506.75	624.5	776.75	1002.8499999999997	655.74	376.0
924	952	4	322.5	455.25	553.5	686.5	991.3499999999999	583.0	350.0
924	959	5	277.7	393.0	480.0	587.0	818.5999999999998	517.76	255.0
924	966	6	231.9	321.75	410.0	514.0	770.3	440.785	161.0
924	973	7	197.9	279.5	355.5	460.0	697.1999999999992	387.535	125.0
924	980	8	163.9	235.75	320.0	408.0	631.05	341.74	93.0
952	959	1	220.0	261.75	301.0	341.0	391.2499999999999	302.47	255.0
952	966	2	181.9	222.0	248.5	296.25	359.0	261.01	161.0
952	973	3	151.95	190.0	222.0	262.0	320.15	227.485	125.0
952	980	4	122.0	154.75	190.0	228.0	298.04999999999995	197.725	93.0
952	987	5	99.95	132.75	160.5	202.25	282.5999999999998	173.315	78.0
952	994	6	82.9	111.0	145.0	187.25	262.7499999999998	156.58	82.0
952	1001	7	79.9	113.75	152.0	201.25	299.04999999999995	166.215	69.0
952	1008	8	74.0	117.0	157.5	221.25	368.54999999999984	183.685	91.0
980	987	1	68.0	79.75	90.0	101.25	128.04999999999998	92.465	78.0
980	994	2	53.0	68.0	79.0	96.0	116.24999999999991	81.95	82.0
980	1001	3	51.0	66.0	83.0	100.25	135.09999999999997	86.42	69.0
980	1008	4	43.95	66.75	87.0	111.0	157.34999999999988	93.48	91.0
980	1015	5	45.0	73.75	97.0	130.25	184.04999999999998	104.635	72.0
980	1022	6	44.0	76.75	102.5	141.0	219.44999999999985	112.28	116.0
980	1029	7	50.0	77.0	105.0	159.0	228.74999999999974	120.95	105.0
980	1036	8	50.0	84.0	119.5	176.0	269.8999999999997	135.725	119.0
1008	1015	1	59.900000000000006	77.0	90.0	110.0	145.09999999999997	94.365	72.0
1008	1022	2	58.85	79.0	98.0	119.25	165.09999999999997	101.625	116.0
1008	1029	3	60.900000000000006	84.75	109.0	137.5	180.04999999999998	114.26	105.0
1008	1036	4	55.0	95.0	122.0	149.25	219.24999999999991	127.91	119.0
1008	1043	5	56.900000000000006	94.0	123.0	159.0	222.09999999999997	130.74	157.0
1008	1050	6	54.95	88.0	122.5	168.25	252.09999999999997	133.3	141.0
1008	1057	7	56.85	94.0	131.0	180.25	269.2999999999999	146.345	215.0
1008	1064	8	53.0	97.0	142.0	198.25	289.0499999999996	157.195	221.0
1036	1043	1	82.95	99.0	118.0	137.0	170.04999999999998	120.37	157.0
1036	1050	2	74.95	98.0	121.5	143.0	183.14999999999995	123.75	141.0
1036	1057	3	68.0	101.0	127.0	161.25	212.04999999999998	132.985	215.0
1036	1064	4	67.0	101.75	133.5	176.75	243.09999999999997	142.81	221.0
1036	1071	5	69.95	106.75	143.0	197.25	289.64999999999975	159.57	239.0
1036	1078	6	73.95	116.75	150.5	203.0	347.0	174.645	243.0
1036	1085	7	73.9	122.75	162.5	235.75	383.15	192.87	239.0
1036	1092	8	80.9	123.75	180.0	264.0	470.99999999999966	215.225	229.0
1064	1071	1	171.0	206.0	241.0	274.0	340.15	246.325	239.0
1064	1078	2	163.95	217.5	257.0	309.5	406.0	267.875	243.0
1064	1085	3	173.75	223.75	275.5	340.0	516.5999999999998	296.185	239.0
1064	1092	4	155.9	230.75	293.0	382.25	546.0999999999999	326.485	229.0
1064	1099	5	142.9	209.0	294.5	392.5	594.9999999999997	322.4	359.0
1064	1106	6	118.85000000000001	197.75	276.0	377.25	587.1999999999999	303.595	291.0
1064	1113	7	111.85000000000001	186.5	267.5	387.75	559.5499999999998	297.48	378.0
1064	1120	8	107.0	189.0	282.5	385.25	622.4999999999998	312.12	418.0
1092	1099	1	162.9	199.0	232.0	266.0	328.09999999999997	235.935	359.0
1092	1106	2	138.9	180.0	210.5	243.25	327.19999999999993	217.09	291.0
1092	1113	3	125.95	166.75	194.5	241.25	323.19999999999993	207.455	378.0
1092	1120	4	114.95	172.5	205.0	266.0	379.04999999999995	219.925	418.0
1092	1127	5	117.55000000000001	180.75	225.5	288.25	427.54999999999984	239.77	482.0
1092	1134	6	114.95	177.75	234.5	302.5	433.4499999999998	254.83	583.0
1092	1141	7	108.80000000000001	177.75	248.0	349.25	511.2499999999999	272.695	597.0
1092	1148	8	116.75	183.75	253.5	368.25	579.9499999999997	292.81	644.0
1120	1127	1	303.9	378.75	444.5	500.0	621.0999999999999	447.765	482.0
1120	1134	2	307.8	396.0	472.5	577.75	715.7999999999997	485.29	583.0
1120	1141	3	299.8	404.75	519.5	613.5	755.4499999999998	521.13	597.0
1120	1148	4	273.65000000000003	419.0	519.0	630.25	868.05	542.57	644.0
1120	1155	5	303.0	425.75	543.0	685.5	997.6499999999994	584.31	656.0
1120	1162	6	300.9	445.0	594.5	751.0	1079.4499999999998	625.4	574.0
1120	1169	7	301.85	445.0	622.5	793.75	1144.1	662.06	499.0
1120	1176	8	293.75	458.5	616.5	840.25	1290.4499999999996	690.87	513.0
1148	1155	1	480.0	576.0	668.5	764.25	982.4999999999998	688.675	656.0
1148	1162	2	447.9	573.25	682.5	828.5	1152.1999999999998	716.635	574.0
1148	1169	3	466.55	588.0	742.5	906.25	1273.7499999999998	776.32	499.0
1148	1176	4	433.75	589.5	784.0	938.25	1472.499999999999	833.2	513.0
1148	1183	5	418.8	635.75	809.5	1030.25	1557.3499999999995	873.56	541.0
1148	1190	6	431.25	671.5	860.0	1132.5	1641.7499999999998	921.02	440.0
1148	1197	7	394.85	644.0	874.5	1207.5	1882.449999999999	960.565	525.0
1148	1204	8	378.85	612.0	896.5	1263.25	2033.8999999999996	999.22	490.0
1176	1183	1	372.9	449.0	526.0	616.25	707.4999999999998	535.63	541.0
1176	1190	2	359.9	470.25	559.5	670.75	807.3	573.725	440.0
1176	1197	3	358.85	482.5	586.0	705.0	959.1999999999992	608.865	525.0
1176	1204	4	346.9	472.5	593.5	744.5	1066.05	633.055	490.0
1176	1211	5	313.5	433.5	555.0	738.5	1093.1999999999998	614.395	408.0
1176	1218	6	281.7	408.0	516.5	672.25	1061.1999999999998	576.42	363.0
1176	1225	7	255.95	386.75	538.0	680.25	993.0999999999997	560.91	499.0
1176	1232	8	247.65	377.5	524.0	713.25	1076.1499999999999	577.2	532.0
1204	1211	1	345.9	419.75	468.5	541.0	653.4499999999998	481.98	408.0
1204	1218	2	283.85	362.75	420.0	487.25	623.3	430.785	363.0
1204	1225	3	264.85	347.0	411.0	485.5	611.1999999999996	422.725	499.0
1204	1232	4	251.9	344.0	427.5	514.0	660.3	434.19	532.0
1204	1239	5	256.9	339.5	447.5	565.5	771.3	471.74	548.0
1204	1246	6	232.65	347.75	442.5	585.0	819.8499999999997	481.775	545.0
1204	1253	7	243.55	364.75	467.5	621.0	1030.0999999999997	521.66	681.0
1204	1260	8	237.0	359.25	500.5	658.0	1042.5499999999997	544.035	515.0
1232	1239	1	408.85	491.5	552.5	620.75	775.0999999999999	566.39	548.0
1232	1246	2	408.85	488.75	586.5	675.75	847.8999999999996	595.17	545.0
1232	1253	3	389.65000000000003	503.0	622.0	736.5	947.3999999999999	643.375	681.0
1232	1260	4	382.9	497.0	635.5	793.0	1064.5499999999997	667.185	515.0
1232	1267	5	361.6	517.0	636.5	856.75	1130.05	701.93	637.0
1232	1274	6	361.5	517.0	703.5	901.5	1211.5999999999995	733.33	439.0
1232	1281	7	338.75	513.75	711.5	912.5	1350.1499999999999	753.535	556.0
1232	1288	8	343.0	521.0	736.5	947.75	1419.05	780.085	473.0
1260	1267	1	420.95	497.75	571.5	662.25	813.3999999999999	591.23	637.0
1260	1274	2	377.7	495.75	574.0	679.5	933.9999999999997	608.295	439.0
1260	1281	3	359.95	502.25	585.5	737.75	1051.0	637.12	556.0
1260	1288	4	356.85	507.25	599.0	771.75	1138.4499999999996	654.855	473.0
1260	1295	5	388.75	508.75	671.0	851.0	1146.1499999999999	697.475	455.0
1260	1302	6	354.55	504.75	678.5	877.0	1208.05	729.03	373.0
1260	1309	7	335.8	473.5	645.5	856.5	1349.3999999999999	713.2	366.0
1260	1316	8	287.95	435.5	565.0	779.0	1197.35	634.92	303.0
1288	1295	1	368.85	448.5	504.5	584.5	733.2499999999999	521.16	455.0
1288	1302	2	337.95	424.75	506.0	591.75	738.2499999999999	516.16	373.0
1288	1309	3	297.5	390.75	469.5	574.25	773.8999999999996	493.845	366.0
1288	1316	4	246.8	341.5	414.0	517.5	730.2499999999995	438.515	303.0
1288	1323	5	207.95	288.0	367.5	451.75	671.7499999999998	387.895	229.0
1288	1330	6	177.75	240.5	310.0	391.0	587.15	330.7	143.0
1288	1337	7	149.65	210.75	269.5	341.5	480.9999999999993	287.335	110.0
1288	1344	8	121.9	181.0	226.0	286.0	431.84999999999934	247.32	61.0
1316	1323	1	190.0	233.0	263.5	298.0	358.15	268.08	229.0
1316	1330	2	148.95	198.0	225.0	271.0	328.04999999999995	232.99	143.0
1316	1337	3	135.9	163.75	199.5	246.0	315.0	210.535	110.0
1316	1344	4	111.0	145.0	174.5	217.0	279.4499999999998	184.025	61.0
1316	1351	5	92.80000000000001	118.0	147.0	186.0	265.7499999999998	158.27	36.0
1316	1358	6	74.85000000000001	109.0	139.5	176.5	243.09999999999997	146.53	48.0
1316	1365	7	67.9	103.75	140.5	181.75	247.5999999999998	149.285	39.0
1316	1372	8	72.9	106.75	142.5	198.75	304.2499999999999	162.1	32.0
1344	1351	1	54.0	64.0	75.0	85.0	102.04999999999998	75.41	36.0
1344	1358	2	40.900000000000006	52.0	64.0	77.25	101.09999999999997	65.645	48.0
1344	1365	3	39.0	53.0	64.0	78.0	109.14999999999995	68.27	39.0
1344	1372	4	36.95	55.0	70.0	87.25	122.24999999999991	73.845	32.0
1344	1379	5	40.0	56.0	73.5	96.25	145.0	80.175	50.0
1344	1386	6	35.0	58.0	81.0	113.0	162.04999999999998	88.84	63.0
1344	1393	7	38.95	61.0	88.0	125.25	191.04999999999998	99.975	41.0
1344	1400	8	40.95	67.0	98.0	145.0	223.0	113.115	67.0
1372	1379	1	23.0	30.0	37.0	47.0	58.0	39.14	50.0
1372	1386	2	24.0	33.0	41.0	51.0	66.0	42.805	63.0
1372	1393	3	20.950000000000003	33.0	44.0	57.0	82.04999999999998	47.2	41.0
1372	1400	4	23.0	35.0	47.0	60.0	93.04999999999998	51.27	67.0
1372	1407	5	23.950000000000003	37.75	50.0	68.0	103.2999999999999	55.13	72.0
1372	1414	6	21.0	33.0	49.0	69.25	115.0	55.415	116.0
1372	1421	7	20.0	37.0	55.0	73.0	133.14999999999995	60.815	120.0
1372	1428	8	23.0	40.0	57.5	83.0	143.19999999999993	67.125	121.0
1400	1407	1	42.0	55.0	66.0	78.25	102.09999999999997	67.755	72.0
1400	1414	2	39.95	54.0	67.0	82.0	108.04999999999998	69.285	116.0
1400	1421	3	41.900000000000006	56.0	71.0	87.0	125.39999999999986	75.905	120.0
1400	1428	4	38.900000000000006	58.0	78.0	99.5	151.14999999999995	83.295	121.0
1400	1435	5	38.0	61.0	81.5	119.25	178.19999999999993	93.595	149.0
1400	1442	6	41.75000000000001	65.75	97.5	128.25	189.09999999999997	104.645	156.0
1400	1449	7	41.95	71.75	101.5	146.5	240.09999999999997	118.075	133.0
1400	1456	8	43.75000000000001	77.75	105.0	155.75	287.09999999999997	129.09	115.0
1428	1435	1	91.95	115.0	136.0	157.0	195.04999999999998	138.915	149.0
1428	1442	2	87.95	117.0	140.0	180.0	240.19999999999993	151.79	156.0
1428	1449	3	90.95	119.0	154.5	195.25	293.69999999999976	166.79	133.0
1428	1456	4	85.0	124.0	165.0	227.5	328.04999999999995	184.0	115.0
1428	1463	5	85.95	130.75	167.0	238.0	379.09999999999997	196.17	251.0
1428	1470	6	81.0	113.0	157.5	236.25	332.7999999999997	183.365	226.0
1428	1477	7	69.95	104.0	154.0	225.5	340.3499999999999	175.64	240.0
1428	1484	8	70.9	111.75	156.5	235.75	358.29999999999956	184.16	284.0
1456	1463	1	86.85000000000001	101.75	127.0	147.0	182.09999999999997	127.05	251.0
1456	1470	2	72.95	93.0	115.5	137.25	191.0	119.66	226.0
1456	1477	3	65.95	86.0	104.0	133.0	180.8499999999997	112.3	240.0
1456	1484	4	61.95	84.0	111.0	140.25	204.2999999999999	118.555	284.0
1456	1491	5	62.95	89.0	123.0	153.25	229.14999999999995	128.27	340.0
1456	1498	6	58.85	93.0	120.0	172.0	264.49999999999983	141.075	511.0
1456	1505	7	62.95	96.0	135.0	191.25	354.7499999999998	157.43	649.0
1456	1512	8	65.0	97.0	152.0	225.0	366.04999999999995	174.975	766.0
1484	1491	1	202.85	247.75	293.0	334.25	391.09999999999997	293.755	340.0
1484	1498	2	211.75	272.75	316.0	380.25	475.19999999999993	329.3	511.0
1484	1505	3	217.8	273.0	337.0	422.5	568.05	357.19	649.0
1484	1512	4	209.95	288.75	371.0	466.75	719.2499999999999	398.39	766.0
1484	1519	5	206.95	306.0	427.0	553.25	780.2499999999992	449.35	932.0
1484	1526	6	198.85	333.0	447.5	589.0	956.2499999999995	490.235	1303.0
1484	1533	7	217.5	335.75	466.0	640.25	1102.9499999999996	520.175	1257.0
1484	1540	8	224.70000000000002	345.75	504.5	687.5	1164.6499999999994	559.235	1716.0
1512	1519	1	592.5	712.0	790.5	895.25	1080.25	804.475	932.0
1512	1526	2	567.85	719.5	839.0	1016.0	1245.0	875.25	1303.0
1512	1533	3	555.85	707.75	887.5	1140.25	1549.1499999999999	946.325	1257.0
1512	1540	4	539.0500000000001	730.5	945.5	1150.5	1747.1999999999998	995.19	1716.0
1512	1547	5	552.65	744.0	1009.5	1312.75	1905.4999999999977	1063.905	1425.0
1512	1554	6	478.65000000000003	758.5	991.0	1354.0	2180.2	1128.155	1719.0
1512	1561	7	455.40000000000003	757.75	1063.0	1396.25	2405.2499999999995	1180.94	1809.0
1512	1568	8	459.95	770.75	1033.5	1524.75	2696.3999999999996	1238.85	1360.0
1540	1547	1	1208.6	1459.75	1679.0	1957.25	2324.45	1723.535	1425.0
1540	1554	2	1215.65	1538.75	1824.0	2087.5	2724.0999999999995	1858.885	1719.0
1540	1561	3	1127.1	1496.75	1846.5	2250.5	2977.6499999999996	1921.16	1809.0
1540	1568	4	1204.85	1545.5	1869.5	2460.75	3294.5499999999993	2024.865	1360.0
1540	1575	5	1027.3	1420.75	1782.0	2277.75	3174.749999999998	1912.69	1147.0
1540	1582	6	906.0	1218.5	1599.0	2165.25	3014.599999999999	1745.495	1101.0
1540	1589	7	860.5000000000001	1151.5	1536.0	2070.5	2984.2999999999997	1661.715	936.0
1540	1596	8	722.55	1113.75	1435.5	2026.75	2928.0999999999995	1607.105	1040.0
1568	1575	1	1035.65	1246.5	1393.0	1539.75	1822.25	1404.745	1147.0
1568	1582	2	874.5	1056.5	1202.0	1384.75	1695.6999999999994	1242.11	1101.0
1568	1589	3	779.95	972.75	1109.5	1323.25	1677.6999999999994	1162.475	936.0
1568	1596	4	716.45	950.5	1089.0	1320.25	1736.6499999999999	1151.04	1040.0
1568	1603	5	610.95	898.5	1126.0	1399.75	1855.5499999999997	1166.295	994.0
1568	1610	6	634.55	877.75	1129.0	1492.75	2002.1499999999999	1206.28	1134.0
1568	1617	7	626.6	874.5	1142.0	1437.25	2068.25	1208.31	818.0
1568	1624	8	586.85	876.25	1137.0	1521.0	2205.499999999999	1247.525	1083.0
1596	1603	1	741.0	877.25	996.5	1154.25	1396.0999999999997	1025.145	994.0
1596	1610	2	693.0	859.0	1004.0	1206.25	1599.7999999999997	1051.84	1134.0
1596	1617	3	614.65	867.25	1024.0	1271.75	1768.4999999999989	1084.075	818.0
1596	1624	4	597.0	860.5	1045.0	1302.75	1824.6499999999999	1103.835	1083.0
1596	1631	5	581.0500000000001	816.0	1063.5	1340.25	1862.899999999999	1107.175	755.0
1596	1638	6	538.5	805.75	1035.5	1381.75	2023.3999999999985	1131.1	880.0
1596	1645	7	515.7	768.75	1006.0	1384.25	2081.95	1133.995	680.0
1596	1652	8	490.15000000000003	757.0	1049.5	1446.0	2270.9499999999985	1165.395	585.0
1624	1631	1	791.4	907.5	1060.0	1202.25	1455.9999999999995	1075.185	755.0
1624	1638	2	664.6	902.0	1061.5	1260.75	1571.4499999999996	1094.99	880.0
1624	1645	3	637.0	885.25	1051.0	1284.75	1793.8499999999997	1115.64	680.0
1624	1652	4	615.5	849.0	1087.5	1363.5	1890.8999999999987	1157.535	585.0
1624	1659	5	551.45	875.25	1083.5	1382.5	2060.499999999999	1168.215	602.0
1624	1666	6	530.85	865.5	1119.0	1392.75	2044.0499999999997	1186.745	552.0
1624	1673	7	497.5	744.25	1004.5	1318.0	1821.7499999999993	1086.22	457.0
1624	1680	8	423.90000000000003	666.5	889.0	1189.25	1699.1499999999978	971.725	430.0
1652	1659	1	433.95	523.25	590.5	695.5	868.15	616.16	602.0
1652	1666	2	408.55	501.75	578.5	706.0	928.15	616.345	552.0
1652	1673	3	366.05	457.75	559.0	682.0	912.1999999999999	585.295	457.0
1652	1680	4	289.95	401.5	486.0	595.25	855.05	511.385	430.0
1652	1687	5	239.85	346.75	438.0	524.0	721.05	450.44	287.0
1652	1694	6	201.9	284.5	356.5	456.75	680.8999999999996	385.545	189.0
1652	1701	7	171.95	244.0	296.5	387.5	565.6499999999997	327.335	149.0
1652	1708	8	151.95	206.0	247.5	337.5	497.4499999999998	281.255	120.0
1680	1687	1	270.0	320.5	358.0	409.25	476.39999999999986	365.895	287.0
1680	1694	2	209.70000000000002	267.75	301.0	360.0	430.04999999999995	313.29	189.0
1680	1701	3	166.85	220.75	257.0	298.5	375.04999999999995	263.95	149.0
1680	1708	4	142.85	179.5	224.5	261.0	341.15	226.065	120.0
1680	1715	5	114.95	155.0	192.0	229.25	304.15	194.875	88.0
1680	1722	6	92.0	132.0	160.5	198.25	262.39999999999986	170.265	83.0
1680	1729	7	82.0	118.0	154.0	199.25	258.19999999999993	162.2	91.0
1680	1736	8	85.9	126.75	163.0	214.0	308.09999999999997	177.385	94.0
1708	1715	1	73.95	96.75	111.0	124.0	157.09999999999997	112.235	88.0
1708	1722	2	63.95	80.0	94.0	110.25	137.24999999999991	96.34	83.0
1708	1729	3	56.0	77.0	93.0	117.25	147.09999999999997	96.72	91.0
1708	1736	4	52.95	75.0	94.0	120.25	171.09999999999997	101.93	94.0
1708	1743	5	56.0	77.0	104.0	138.0	203.19999999999993	112.65	79.0
1708	1750	6	50.0	77.75	106.0	145.0	236.24999999999991	117.765	78.0
1708	1757	7	47.95	80.0	111.0	154.0	256.15	125.345	86.0
1708	1764	8	51.0	85.75	119.0	168.25	347.7999999999997	139.11	119.0
1736	1743	1	65.0	84.0	97.0	112.0	147.19999999999993	100.275	79.0
1736	1750	2	67.0	86.0	100.0	124.0	168.19999999999993	107.9	78.0
1736	1757	3	68.0	88.75	113.0	143.25	193.2999999999999	119.975	86.0
1736	1764	4	59.900000000000006	91.75	123.0	157.25	232.09999999999997	131.075	119.0
1736	1771	5	61.0	91.75	119.0	176.5	267.5999999999998	139.925	123.0
1736	1778	6	55.900000000000006	90.0	118.0	174.5	261.2499999999999	139.075	108.0
1736	1785	7	58.95	89.0	128.5	180.25	309.19999999999993	147.715	135.0
1736	1792	8	58.0	90.5	135.0	186.0	343.3999999999995	158.085	127.0
1764	1771	1	78.0	100.0	115.5	135.5	170.09999999999997	119.64	123.0
1764	1778	2	72.0	94.0	111.5	137.0	184.24999999999991	118.185	108.0
1764	1785	3	73.9	97.75	121.5	150.0	194.19999999999993	125.99	135.0
1764	1792	4	69.9	98.75	130.0	164.0	223.09999999999997	134.775	127.0
1764	1799	5	68.9	98.0	136.0	174.5	248.2999999999999	142.545	157.0
1764	1806	6	69.9	106.0	141.0	186.0	297.15	154.675	176.0
1764	1813	7	62.95	112.0	149.5	209.0	318.2999999999999	165.865	180.0
1764	1820	8	63.95	112.75	163.0	226.0	348.19999999999993	180.29	110.0
1792	1799	1	95.9	115.0	134.5	158.25	196.09999999999997	138.86	157.0
1792	1806	2	85.95	119.0	140.5	166.0	223.2999999999999	146.81	176.0
1792	1813	3	89.0	118.0	141.0	180.0	252.14999999999995	154.62	180.0
1792	1820	4	96.9	125.75	159.5	203.5	309.04999999999995	173.83	110.0
1792	1827	5	90.0	131.0	163.0	221.25	304.19999999999993	180.315	294.0
1792	1834	6	82.9	119.75	160.0	205.0	297.04999999999995	170.525	318.0
1792	1841	7	73.95	108.0	145.5	201.25	291.0	162.035	320.0
1792	1848	8	62.95	108.0	147.0	190.0	311.15	162.335	357.0
1820	1827	1	94.9	117.75	144.5	163.25	209.24999999999991	145.02	294.0
1820	1834	2	84.95	105.75	132.5	153.25	205.14999999999995	134.995	318.0
1820	1841	3	70.95	97.75	117.0	146.0	201.49999999999983	124.51	320.0
1820	1848	4	66.95	92.5	117.5	146.5	220.09999999999997	124.73	357.0
1820	1855	5	60.95	94.0	126.0	169.0	237.19999999999993	136.825	487.0
1820	1862	6	59.900000000000006	98.75	132.0	172.25	265.49999999999983	143.505	496.0
1820	1869	7	58.0	102.75	147.5	199.0	288.04999999999995	159.95	809.0
1820	1876	8	69.80000000000001	105.75	153.0	208.25	347.29999999999956	171.45	777.0
1848	1855	1	246.85	314.75	355.5	417.5	516.05	366.95	487.0
1848	1862	2	245.95	303.25	372.0	448.5	565.0999999999999	387.47	496.0
1848	1869	3	240.95	318.0	398.0	481.25	633.05	406.645	809.0
1848	1876	4	214.95	327.0	424.0	527.5	704.05	434.575	777.0
1848	1883	5	210.85	306.5	429.5	574.0	775.4999999999998	457.635	831.0
1848	1890	6	223.60000000000002	339.5	455.0	591.25	836.05	478.92	1081.0
1848	1897	7	236.95000000000002	349.25	462.5	622.0	997.899999999999	526.465	1034.0
1848	1904	8	208.55	355.5	473.0	678.25	1102.6999999999998	544.16	1231.0
1876	1883	1	625.8	750.75	847.5	976.0	1209.35	872.475	831.0
1876	1890	2	563.6	720.5	858.5	1002.0	1324.35	888.46	1081.0
1876	1897	3	529.85	735.75	872.0	1095.25	1505.6	939.875	1034.0
1876	1904	4	518.85	739.75	882.0	1136.5	1691.05	967.72	1231.0
1876	1911	5	472.8	731.75	934.5	1249.25	1696.25	1009.825	1274.0
1876	1918	6	470.75	739.75	971.0	1240.25	1765.05	1027.7	1487.0
1876	1925	7	470.35	722.5	949.5	1308.5	1818.0	1041.73	1753.0
1876	1932	8	464.7	722.5	945.5	1354.0	1980.3999999999999	1067.935	1635.0
1904	1911	1	895.8	1063.75	1231.5	1417.75	1632.6999999999991	1250.31	1274.0
1904	1918	2	849.5	1082.5	1252.5	1488.25	1898.2499999999993	1301.31	1487.0
1904	1925	3	772.9	1064.5	1251.0	1597.5	2092.0999999999995	1335.395	1753.0
1904	1932	4	739.4000000000001	1036.0	1334.5	1615.0	2158.4499999999994	1374.09	1635.0
1904	1939	5	612.85	944.25	1225.5	1630.25	2189.5499999999997	1305.4	1699.0
1904	1946	6	593.1500000000001	782.25	1115.5	1372.5	1850.7999999999997	1143.37	1541.0
1904	1953	7	477.5	770.75	994.5	1342.25	1972.0	1076.025	1170.0
1904	1960	8	457.65000000000003	705.0	929.5	1268.25	2061.9999999999995	1044.105	1108.0
1932	1939	1	1171.65	1362.0	1567.5	1770.75	2099.999999999999	1593.25	1699.0
1932	1946	2	1024.75	1216.5	1413.0	1624.75	2053.35	1448.03	1541.0
1932	1953	3	914.9	1070.25	1267.0	1539.75	2009.7499999999998	1335.205	1170.0
1932	1960	4	777.4000000000001	1043.25	1219.0	1518.5	1976.6999999999994	1298.32	1108.0
1932	1967	5	713.3000000000001	973.25	1205.0	1526.5	1965.1999999999994	1280.41	1105.0
1932	1974	6	675.6	925.25	1190.5	1467.25	2186.699999999999	1270.66	953.0
1932	1981	7	684.15	933.25	1197.0	1579.75	2269.3499999999995	1298.33	1083.0
1932	1988	8	592.0	896.5	1194.5	1514.5	2273.2999999999997	1278.955	801.0
1960	1967	1	806.1	967.5	1084.5	1229.25	1578.2999999999988	1121.635	1105.0
1960	1974	2	731.95	870.25	1061.0	1250.5	1595.5499999999997	1090.255	953.0
1960	1981	3	624.95	850.75	1013.5	1235.75	1802.3999999999999	1079.295	1083.0
1960	1988	4	622.9	766.25	952.5	1301.5	1815.35	1067.025	801.0
1960	1995	5	545.6	718.75	974.5	1232.25	1785.8999999999983	1035.04	908.0
1960	2002	6	526.9	691.25	926.5	1256.0	1878.2999999999995	1036.225	613.0
1960	2009	7	496.20000000000005	674.75	894.5	1289.0	2011.7499999999993	1026.8	714.0
1960	2016	8	457.35	685.75	852.0	1224.5	1958.049999999999	1003.34	523.0
1988	1995	1	613.9	742.75	845.5	941.0	1159.4499999999998	860.92	908.0
1988	2002	2	548.9	708.75	843.5	984.25	1213.0	864.375	613.0
1988	2009	3	535.65	666.25	812.5	1018.25	1327.1999999999996	859.73	714.0
1988	2016	4	442.75	640.25	794.5	1035.5	1357.1499999999999	836.255	523.0
1988	2023	5	426.95	609.5	784.5	982.75	1460.499999999999	838.07	490.0
1988	2030	6	402.0	586.0	770.5	997.75	1424.4499999999998	819.005	379.0
1988	2037	7	325.95	531.0	698.5	958.5	1407.1499999999999	777.925	303.0
1988	2044	8	312.0	470.0	628.0	847.5	1289.3	690.34	273.0
2016	2023	1	413.7	479.75	557.5	631.0	786.05	566.17	490.0
2016	2030	2	382.65000000000003	449.5	538.0	636.75	824.4499999999998	560.245	379.0
2016	2037	3	328.85	421.0	504.0	635.5	869.15	548.65	303.0
2016	2044	4	266.85	355.75	448.5	561.5	808.3499999999992	480.655	273.0
2016	2051	5	233.95	302.25	389.5	490.25	712.1999999999999	418.91	223.0
2016	2058	6	186.95	250.0	319.5	414.25	598.3	347.985	158.0
2016	2065	7	155.0	214.0	265.5	344.5	527.05	296.535	120.0
2016	2072	8	121.0	165.0	218.5	288.0	420.04999999999995	238.58	92.0
2044	2051	1	169.9	204.0	233.0	264.25	317.2499999999999	235.14	223.0
2044	2058	2	134.0	164.0	191.5	214.25	270.04999999999995	192.6	158.0
2044	2065	3	110.85000000000001	137.0	162.0	196.0	231.34999999999988	166.56	120.0
2044	2072	4	87.95	112.0	130.5	157.0	200.14999999999995	136.03	92.0
2044	2079	5	70.0	89.75	115.0	139.0	178.04999999999998	116.01	66.0
2044	2086	6	55.95	78.75	96.0	116.0	151.19999999999993	99.34	42.0
2044	2093	7	48.0	70.75	88.5	113.0	146.04999999999998	92.6	50.0
2044	2100	8	48.95	70.0	89.0	114.5	167.24999999999991	96.12	40.0
2072	2079	1	58.0	71.0	81.5	92.0	115.04999999999998	82.915	66.0
2072	2086	2	47.0	60.0	70.0	85.0	102.04999999999998	72.25	42.0
2072	2093	3	41.95	52.75	66.0	78.0	107.04999999999998	68.665	50.0
2072	2100	4	38.0	51.0	67.0	87.25	114.14999999999995	71.065	40.0
2072	2107	5	36.0	53.75	71.0	88.0	125.04999999999998	73.77	28.0
2072	2114	6	39.0	59.0	74.0	98.0	153.2999999999999	83.35	44.0
2072	2121	7	35.0	58.0	79.0	106.0	175.34999999999988	87.185	40.0
2072	2128	8	37.0	59.75	83.0	113.0	206.19999999999993	95.875	63.0
2100	2107	1	29.0	36.75	46.0	56.0	67.04999999999998	46.71	28.0
2100	2114	2	29.0	38.0	45.5	58.0	85.09999999999997	49.46	44.0
2100	2121	3	27.0	39.75	51.5	67.25	87.0	54.19	40.0
2100	2128	4	25.950000000000003	39.0	56.0	70.0	107.09999999999997	58.715	63.0
2100	2135	5	23.0	41.0	56.5	76.25	122.04999999999998	62.605	33.0
2100	2142	6	23.0	37.0	52.5	75.25	123.19999999999993	60.62	28.0
2100	2149	7	21.950000000000003	38.0	56.0	76.25	120.19999999999993	61.69	23.0
2100	2156	8	19.950000000000003	40.0	59.5	88.25	143.04999999999998	68.715	28.0
2128	2135	1	37.0	49.0	59.0	70.25	91.09999999999997	61.405	33.0
2128	2142	2	36.95	49.75	60.0	75.0	89.04999999999998	62.185	28.0
2128	2149	3	35.0	50.75	61.0	74.25	102.04999999999998	63.69	23.0
2128	2156	4	36.0	51.0	65.0	83.25	117.0	69.03	28.0
2128	2163	5	37.0	53.0	70.0	88.25	123.14999999999995	74.83	31.0
2128	2170	6	36.0	56.75	74.5	99.0	147.34999999999988	80.915	26.0
2128	2177	7	36.900000000000006	59.0	82.0	113.25	162.34999999999988	90.675	34.0
2128	2184	8	37.0	64.0	88.0	120.25	188.04999999999998	99.34	32.0
2156	2163	1	17.0	24.0	29.0	35.25	49.0	30.39	31.0
2156	2170	2	16.950000000000003	24.75	32.5	40.25	56.0	33.4	26.0
2156	2177	3	17.0	25.0	34.0	47.0	62.0	36.55	34.0
2156	2184	4	17.950000000000003	27.75	36.0	50.25	71.04999999999998	39.855	32.0
2156	2191	5	17.0	27.0	37.0	53.0	76.14999999999995	41.52	47.0
2156	2198	6	15.950000000000001	25.0	35.0	50.25	75.2999999999999	40.09	43.0
2156	2205	7	14.0	23.0	33.0	47.0	72.0	36.965	54.0
2156	2212	8	14.0	22.0	33.0	47.0	70.04999999999998	37.2	36.0
2184	2191	1	21.0	28.75	34.0	42.0	55.099999999999966	36.18	47.0
2184	2198	2	20.950000000000003	27.0	34.0	40.25	60.04999999999998	35.635	43.0
2184	2205	3	14.0	24.0	31.0	39.0	56.04999999999998	32.905	54.0
2184	2212	4	16.950000000000003	23.0	31.0	40.25	62.14999999999995	33.89	36.0
2184	2219	5	15.0	23.0	31.0	42.0	71.09999999999997	34.815	24.0
2184	2226	6	15.950000000000001	25.0	36.0	49.0	84.14999999999995	39.91	42.0
2184	2233	7	14.0	28.0	37.0	53.25	91.24999999999991	43.79	38.0
2184	2240	8	13.900000000000002	27.75	41.0	60.5	112.09999999999997	48.12	71.0
2212	2219	1	27.0	35.0	42.0	50.25	67.0	43.68	24.0
2212	2226	2	24.0	34.0	43.0	54.0	73.04999999999998	45.78	42.0
2212	2233	3	28.950000000000003	38.75	48.0	63.25	92.04999999999998	53.22	38.0
2212	2240	4	28.950000000000003	40.0	52.5	70.0	103.14999999999995	57.285	71.0
2212	2247	5	26.0	45.0	55.0	73.25	115.0	62.5	45.0
2212	2254	6	28.0	45.75	61.0	82.0	127.09999999999997	68.105	75.0
2212	2261	7	29.0	49.5	68.0	91.25	144.09999999999997	75.065	60.0
2212	2268	8	26.0	49.75	74.0	102.0	150.09999999999997	77.83	54.0
2240	2247	1	41.0	53.0	65.0	80.0	98.09999999999997	66.7	45.0
2240	2254	2	43.0	58.75	73.5	90.0	126.04999999999998	76.65	75.0
2240	2261	3	39.95	59.0	74.5	101.0	146.14999999999995	82.3	60.0
2240	2268	4	42.0	60.0	83.5	106.0	150.14999999999995	88.005	54.0
2240	2275	5	43.85	65.0	89.0	118.25	179.19999999999993	96.485	98.0
2240	2282	6	39.85	70.75	98.0	133.0	207.24999999999991	108.055	118.0
2240	2289	7	37.0	66.0	99.0	145.5	237.19999999999993	115.19	91.0
2240	2296	8	38.0	70.0	107.0	149.25	283.04999999999995	122.31	171.0
2268	2275	1	41.0	50.0	62.0	74.0	90.0	62.585	98.0
2268	2282	2	38.0	52.75	66.5	81.25	108.0	67.94	118.0
2268	2289	3	35.0	55.0	69.0	91.25	131.19999999999993	75.63	91.0
2268	2296	4	38.0	56.0	75.0	102.0	142.19999999999993	81.43	171.0
2268	2303	5	35.95	59.0	80.0	105.0	149.04999999999998	83.63	174.0
2268	2310	6	31.0	51.75	71.0	95.0	134.44999999999985	76.17	203.0
2268	2317	7	29.0	51.0	70.0	97.25	138.04999999999998	76.555	141.0
2268	2324	8	26.950000000000003	49.75	72.0	99.0	166.2999999999999	80.12	262.0
2296	2303	1	112.85000000000001	136.0	162.0	189.25	238.24999999999991	165.685	174.0
2296	2310	2	98.95	126.0	155.5	179.25	231.09999999999997	157.2	203.0
2296	2317	3	90.95	115.0	148.0	174.25	221.24999999999991	149.795	141.0
2296	2324	4	86.0	111.5	146.0	196.25	260.5999999999998	157.065	262.0
2296	2331	5	89.85000000000001	123.0	154.5	198.0	286.04999999999995	167.345	366.0
2296	2338	6	75.0	121.75	166.5	226.25	324.15	180.78	463.0
2296	2345	7	74.0	130.75	168.0	245.5	362.0	195.09	478.0
2296	2352	8	82.80000000000001	136.5	196.0	274.5	426.04999999999995	218.315	613.0
2324	2331	1	191.0	223.75	265.5	302.25	366.3499999999999	268.95	366.0
2324	2338	2	185.95	239.75	283.0	336.0	424.09999999999997	294.435	463.0
2324	2345	3	176.70000000000002	245.0	306.0	370.0	472.49999999999983	313.245	478.0
2324	2352	4	190.9	258.0	317.0	385.0	578.7999999999997	335.73	613.0
2324	2359	5	172.9	256.75	336.5	436.5	568.6999999999991	352.58	529.0
2324	2366	6	177.9	258.0	350.5	450.5	684.0999999999999	373.72	645.0
2324	2373	7	171.5	252.5	367.0	489.25	751.05	394.355	626.0
2324	2380	8	177.65	281.0	388.0	536.75	783.8499999999997	423.78	649.0
2352	2359	1	464.95	554.25	646.5	730.25	834.3999999999995	649.77	529.0
2352	2366	2	432.95	552.5	657.5	793.25	993.1999999999999	683.255	645.0
2352	2373	3	432.65000000000003	562.5	694.0	848.5	1209.0999999999992	737.485	626.0
2352	2380	4	399.9	559.5	712.5	931.0	1424.5499999999997	785.22	649.0
2352	2387	5	409.0	586.75	753.5	930.0	1436.1999999999998	817.165	647.0
2352	2394	6	401.95	597.75	776.0	1032.25	1567.0999999999992	859.925	601.0
2352	2401	7	388.90000000000003	599.5	789.0	977.25	1644.0	849.935	580.0
2352	2408	8	317.40000000000003	532.5	702.5	952.0	1510.05	788.215	664.0
2380	2387	1	492.25	571.5	657.0	758.5	942.3	676.87	647.0
2380	2394	2	482.95	581.0	678.5	790.25	1133.3999999999996	718.465	601.0
2380	2401	3	411.9	571.5	676.5	850.5	1149.6	720.5	580.0
2380	2408	4	382.55	492.25	625.5	780.5	1163.8499999999995	677.585	664.0
2380	2415	5	304.0	444.0	552.0	706.75	1080.3499999999995	607.59	474.0
2380	2422	6	272.8	381.0	456.0	628.5	922.15	526.75	362.0
2380	2429	7	227.85	321.5	412.0	531.5	840.0999999999997	455.46	316.0
2380	2436	8	185.70000000000002	270.25	364.5	480.5	803.4499999999998	400.99	199.0
2408	2415	1	431.85	489.75	548.5	617.25	716.0	557.115	474.0
2408	2422	2	347.8	425.0	484.0	544.25	667.5499999999998	491.07	362.0
2408	2429	3	294.0	362.75	418.5	490.5	613.0	433.83	316.0
2408	2436	4	243.70000000000002	312.0	375.5	435.75	561.5999999999998	384.68	199.0
2408	2443	5	195.95	258.25	320.0	372.25	520.5999999999998	329.15	162.0
2408	2450	6	176.0	226.0	278.0	336.25	460.5999999999998	293.105	146.0
2408	2457	7	159.9	218.75	275.0	339.25	490.9499999999997	292.83	201.0
2408	2464	8	149.8	208.5	286.0	362.5	554.6999999999998	304.35	217.0
2436	2443	1	143.9	180.0	205.0	235.25	269.04999999999995	206.96	162.0
2436	2450	2	114.9	148.75	182.0	210.25	247.0	179.67	146.0
2436	2457	3	103.0	135.75	177.0	210.25	283.04999999999995	179.385	201.0
2436	2464	4	99.9	137.75	181.0	235.0	323.39999999999986	193.61	217.0
2436	2471	5	107.7	148.0	194.0	256.5	391.2499999999999	211.255	289.0
2436	2478	6	103.9	159.75	208.0	298.5	467.8499999999997	240.485	303.0
2436	2485	7	101.9	170.75	243.5	320.25	573.4999999999998	277.515	366.0
2436	2492	8	111.7	184.75	273.5	394.25	776.1999999999999	315.2	471.0
2464	2471	1	158.95	210.0	241.0	276.75	335.15	245.885	289.0
2464	2478	2	170.55	215.75	258.5	321.5	440.19999999999993	279.58	303.0
2464	2485	3	176.0	234.5	294.5	387.5	567.7999999999997	319.235	366.0
2464	2492	4	177.75	257.0	326.0	436.0	625.4499999999998	357.635	471.0
2464	2499	5	184.55	274.5	350.0	505.5	775.8999999999996	403.765	512.0
2464	2506	6	175.3	259.5	366.5	525.25	828.9499999999997	421.355	544.0
2464	2513	7	164.35000000000002	278.25	392.5	575.5	882.3	446.645	766.0
2464	2520	8	165.5	296.0	436.0	647.75	1105.7999999999993	508.995	827.0
2492	2499	1	347.95	427.75	502.0	576.0	682.5499999999998	506.24	512.0
2492	2506	2	332.9	437.5	523.0	623.25	787.6999999999991	541.2	544.0
2492	2513	3	329.95	429.75	549.0	671.25	917.1999999999992	575.825	766.0
2492	2520	4	320.8	438.5	579.5	773.25	1186.4999999999998	638.495	827.0
2492	2527	5	318.9	494.25	646.0	819.5	1393.1499999999996	715.04	1210.0
2492	2534	6	324.8	532.5	724.0	972.0	1578.0499999999993	801.645	1236.0
2492	2541	7	350.0	547.5	756.0	1111.75	1677.5499999999997	869.28	1534.0
2492	2548	8	387.75	591.75	820.5	1224.25	1864.8999999999987	963.555	1556.0
2520	2527	1	639.25	788.5	911.0	1061.75	1258.7499999999998	928.06	1210.0
2520	2534	2	654.9	802.0	978.5	1197.25	1577.3	1022.795	1236.0
2520	2541	3	644.0500000000001	840.25	1052.0	1376.5	1887.9499999999994	1141.145	1534.0
2520	2548	4	665.7	891.0	1161.5	1501.75	2139.8499999999995	1235.54	1556.0
2520	2555	5	642.5	933.25	1268.5	1676.5	2544.4999999999995	1386.255	1922.0
2520	2562	6	590.55	910.0	1177.0	1661.75	2758.8999999999996	1356.5	2753.0
2520	2569	7	547.85	803.25	1153.0	1540.5	2526.0	1268.965	2425.0
2520	2576	8	524.55	801.5	1109.5	1573.25	2497.4499999999994	1266.935	2185.0
2548	2555	1	1220.8	1384.75	1608.0	1859.75	2303.049999999998	1660.225	1922.0
2548	2562	2	1081.55	1330.5	1572.0	1861.25	2505.2999999999997	1634.165	2753.0
2548	2569	3	899.9	1187.0	1430.5	1714.0	2404.45	1493.785	2425.0
2548	2576	4	842.9000000000001	1121.5	1343.5	1711.5	2383.5	1457.15	2185.0
2548	2583	5	827.4	1100.75	1418.0	1840.25	2708.45	1544.635	2210.0
2548	2590	6	777.8000000000001	1142.5	1498.0	1912.25	2635.7999999999984	1594.115	2368.0
2548	2597	7	725.5	1139.25	1538.5	2056.5	3211.5999999999985	1726.235	2929.0
2548	2604	8	780.85	1171.75	1638.5	2248.5	3345.9999999999977	1796.815	3178.0
2576	2583	1	1544.15	1943.25	2176.0	2483.5	2953.1999999999994	2227.715	2210.0
2576	2590	2	1471.55	1905.5	2257.5	2599.5	3469.2499999999986	2306.075	2368.0
2576	2597	3	1463.85	1876.0	2246.5	2748.25	3903.05	2397.515	2929.0
2576	2604	4	1266.8	1919.75	2295.0	3021.5	4132.799999999997	2521.205	3178.0
2576	2611	5	1323.05	1919.0	2453.0	3314.0	4516.2	2636.34	3746.0
2576	2618	6	1277.8500000000001	1899.75	2515.0	3331.0	4650.3	2686.235	3315.0
2576	2625	7	1237.9	1829.0	2554.0	3494.75	5008.149999999999	2770.48	3501.0
2576	2632	8	1119.2	1889.75	2635.0	3525.5	4899.549999999999	2845.56	3136.0
2604	2611	1	2350.9	2800.5	3167.5	3588.5	4294.299999999999	3225.27	3746.0
2604	2618	2	2038.9	2654.0	3179.0	3677.25	4738.549999999997	3242.325	3315.0
2604	2625	3	1958.65	2644.5	3065.0	3727.0	4744.249999999998	3238.4	3501.0
2604	2632	4	1876.95	2429.25	3052.5	3883.5	5207.05	3248.145	3136.0
2604	2639	5	1690.5	2299.5	2930.0	3659.5	5360.599999999999	3092.525	2518.0
2604	2646	6	1538.9	2185.25	3023.0	3777.0	4761.9	3090.745	2360.0
2604	2653	7	1408.3	2175.5	2766.0	3534.75	4955.149999999999	2899.09	2083.0
2604	2660	8	1402.75	1938.75	2624.0	3410.0	4591.0499999999965	2784.505	1610.0
2632	2639	1	2252.3	2755.5	3141.5	3546.25	4097.999999999997	3152.38	2518.0
2632	2646	2	2125.4	2587.75	2921.0	3422.5	4402.05	3040.96	2360.0
2632	2653	3	1856.05	2322.25	2810.0	3321.25	4655.349999999999	2929.045	2083.0
2632	2660	4	1661.75	2187.0	2586.5	3268.75	4187.25	2774.545	1610.0
2632	2667	5	1501.55	2007.0	2447.5	3015.75	4364.649999999999	2606.065	1211.0
2632	2674	6	1301.2	1666.75	2125.0	2705.25	3386.6999999999994	2221.085	1017.0
2632	2681	7	1060.6	1459.5	1787.5	2225.75	3194.1499999999987	1890.4	871.0
2632	2688	8	867.65	1316.5	1606.5	2003.75	2865.3999999999996	1727.295	881.0
2660	2667	1	1150.8	1362.0	1577.5	1768.5	2078.5	1579.635	1211.0
2660	2674	2	930.3000000000001	1178.75	1341.5	1533.25	1832.05	1361.505	1017.0
2660	2681	3	786.0500000000001	969.75	1141.0	1315.5	1657.05	1163.015	871.0
2660	2688	4	663.7	885.0	1038.0	1244.5	1723.5499999999997	1090.695	881.0
2660	2695	5	624.85	821.5	985.0	1218.0	1634.5999999999995	1044.63	701.0
2660	2702	6	516.7	782.0	996.5	1216.25	1641.35	1024.465	748.0
2660	2709	7	511.9	722.0	986.5	1193.0	1615.3999999999985	995.465	540.0
2660	2716	8	463.95	700.25	927.0	1155.0	1762.4499999999998	981.27	420.0
2688	2695	1	582.65	710.25	825.5	914.25	1134.3999999999999	826.89	701.0
2688	2702	2	554.8	681.75	804.5	945.5	1251.6	832.865	748.0
2688	2709	3	505.7	648.25	768.0	918.0	1156.1499999999996	792.71	540.0
2688	2716	4	427.8	601.25	736.0	885.25	1221.2999999999995	766.055	420.0
2688	2723	5	458.40000000000003	595.75	714.5	846.75	1193.1999999999998	744.425	426.0
2688	2730	6	384.55	559.5	687.5	858.0	1218.3999999999992	733.895	335.0
2688	2737	7	361.8	512.0	673.0	907.25	1215.3999999999999	722.19	230.0
2688	2744	8	327.95	492.75	661.0	857.25	1200.1999999999998	693.55	226.0
2716	2723	1	325.8	387.0	444.0	497.25	611.15	449.615	426.0
2716	2730	2	273.95	365.75	439.5	506.0	645.4499999999998	442.685	335.0
2716	2737	3	231.85	341.5	420.0	497.75	652.05	428.36	230.0
2716	2744	4	226.8	315.75	409.0	529.5	697.05	429.02	226.0
2716	2751	5	216.70000000000002	294.75	389.5	508.75	687.3	416.57	187.0
2716	2758	6	197.95	282.0	383.0	505.5	749.3	412.975	155.0
2716	2765	7	185.75	264.0	346.5	492.75	762.3499999999999	397.99	114.0
2716	2772	8	151.8	240.75	309.5	433.0	697.1999999999996	349.345	93.0
2744	2751	1	158.85	194.75	223.5	261.0	318.2999999999999	228.015	187.0
2744	2758	2	142.9	180.0	211.5	248.75	310.15	218.845	155.0
2744	2765	3	127.95	169.0	201.0	248.25	323.5999999999998	214.53	114.0
2744	2772	4	117.85000000000001	146.0	183.5	226.75	325.15	193.965	93.0
2744	2779	5	95.0	127.75	158.0	196.5	284.15	169.0	69.0
2744	2786	6	73.0	107.0	136.5	171.0	242.64999999999978	143.83	58.0
2744	2793	7	65.95	88.0	114.0	147.0	210.04999999999998	121.2	51.0
2744	2800	8	49.0	72.0	89.5	124.0	188.09999999999997	100.965	68.0
2772	2779	1	57.0	74.75	86.0	99.25	118.04999999999998	87.705	69.0
2772	2786	2	47.0	58.75	69.5	81.25	103.09999999999997	71.52	58.0
2772	2793	3	38.0	49.0	59.0	69.0	91.04999999999998	59.72	51.0
2772	2800	4	29.85	41.0	50.0	58.0	78.34999999999988	50.98	68.0
2772	2807	5	25.950000000000003	34.75	42.0	52.0	72.19999999999993	44.825	50.0
2772	2814	6	19.0	26.0	34.0	44.25	61.099999999999966	36.515	35.0
2772	2821	7	16.0	23.75	30.5	41.0	58.04999999999998	33.445	41.0
2772	2828	8	13.0	24.0	32.0	42.0	64.04999999999998	34.89	18.0
2800	2807	1	29.0	39.0	45.0	54.0	71.0	46.625	50.0
2800	2814	2	24.950000000000003	33.0	39.5	47.0	64.0	41.055	35.0
2800	2821	3	23.0	29.0	35.0	46.25	62.04999999999998	38.165	41.0
2800	2828	4	20.0	28.0	35.0	45.25	68.0	38.715	18.0
2800	2835	5	19.0	29.0	37.5	50.0	76.0	41.26	22.0
2800	2842	6	20.0	29.75	40.0	54.0	90.04999999999998	44.97	32.0
2800	2849	7	21.950000000000003	32.0	42.5	59.0	101.09999999999997	49.32	71.0
2800	2856	8	21.0	32.0	45.0	65.0	114.09999999999997	53.43	53.0
2828	2835	1	16.950000000000003	23.0	28.0	34.0	43.04999999999998	29.2	22.0
2828	2842	2	15.0	23.75	29.0	39.0	52.0	31.5	32.0
2828	2849	3	16.950000000000003	23.0	32.0	43.0	59.0	34.215	71.0
2828	2856	4	15.950000000000001	24.0	34.0	46.0	71.0	37.025	53.0
2828	2863	5	17.0	25.0	36.0	49.25	74.0	39.89	65.0
2828	2870	6	17.0	25.0	37.0	55.0	84.39999999999986	42.85	50.0
2828	2877	7	14.0	24.0	39.0	58.0	88.04999999999998	42.78	47.0
2828	2884	8	14.950000000000001	26.0	39.5	58.25	109.04999999999998	45.925	22.0
2856	2863	1	37.95	53.0	62.0	74.25	91.04999999999998	63.495	65.0
2856	2870	2	36.95	53.0	61.0	74.0	96.0	63.775	50.0
2856	2877	3	34.0	51.0	59.5	76.25	95.24999999999991	63.395	47.0
2856	2884	4	33.95	50.75	66.0	81.0	115.0	68.235	22.0
2856	2891	5	34.95	55.0	71.5	96.25	131.04999999999998	75.96	28.0
2856	2898	6	36.900000000000006	56.0	78.0	104.25	148.09999999999997	83.35	30.0
2856	2905	7	36.0	60.0	84.5	108.0	158.14999999999995	89.045	16.0
2856	2912	8	35.0	67.0	88.0	120.0	191.09999999999997	98.645	28.0
2884	2891	1	22.0	32.0	38.0	46.0	57.0	38.975	28.0
2884	2898	2	21.0	30.75	40.0	49.0	67.0	40.98	30.0
2884	2905	3	22.0	31.0	43.0	54.25	79.0	44.41	16.0
2884	2912	4	22.950000000000003	34.0	49.0	61.0	95.0	50.32	28.0
2884	2919	5	24.0	36.0	51.0	72.0	106.14999999999995	56.645	19.0
2884	2926	6	19.950000000000003	34.75	50.0	75.25	117.19999999999993	56.945	46.0
2884	2933	7	20.0	31.0	46.0	69.5	110.19999999999993	52.405	33.0
2884	2940	8	16.0	31.0	45.0	66.0	104.0	51.575	44.0
2912	2919	1	16.0	24.0	29.0	37.0	51.0	30.785	19.0
2912	2926	2	15.950000000000001	22.0	28.5	37.0	55.0	30.76	46.0
2912	2933	3	13.0	21.75	28.0	36.0	52.04999999999998	29.97	33.0
2912	2940	4	12.0	20.0	27.0	35.0	55.0	28.785	44.0
2912	2947	5	12.0	20.0	26.0	39.0	64.0	31.145	41.0
2912	2954	6	13.0	20.75	28.0	42.0	75.04999999999998	33.785	50.0
2912	2961	7	13.0	21.0	32.0	47.0	82.24999999999991	37.055	65.0
2912	2968	8	13.900000000000002	23.0	37.0	55.0	92.09999999999997	42.59	103.0
2940	2947	1	22.950000000000003	32.0	39.0	48.0	61.0	40.4	41.0
2940	2954	2	25.0	32.75	42.5	52.0	70.0	44.095	50.0
2940	2961	3	24.0	34.75	45.0	61.0	90.0	49.795	65.0
2940	2968	4	22.950000000000003	38.0	51.5	68.0	108.04999999999998	56.315	103.0
2940	2975	5	23.950000000000003	39.75	56.5	80.25	119.24999999999991	64.575	123.0
2940	2982	6	25.0	42.75	62.0	88.0	144.09999999999962	71.875	153.0
2940	2989	7	24.0	45.75	66.0	103.0	172.09999999999997	80.825	218.0
2940	2996	8	27.0	47.0	74.0	114.25	189.24999999999991	87.93	256.0
2968	2975	1	65.0	85.75	98.0	117.0	151.24999999999991	103.315	123.0
2968	2982	2	66.95	91.0	109.0	140.25	192.0	117.825	153.0
2968	2989	3	67.0	96.0	123.5	153.0	225.14999999999995	129.975	218.0
2968	2996	4	71.95	102.5	129.0	178.25	267.04999999999995	144.93	256.0
2968	3003	5	69.95	106.0	146.0	193.25	293.3499999999999	160.26	201.0
2968	3010	6	76.9	110.0	158.0	218.75	332.0499999999996	175.375	270.0
2968	3017	7	70.95	112.75	164.5	240.0	389.3499999999999	192.16	231.0
2968	3024	8	78.0	121.75	182.5	275.5	423.54999999999984	212.865	210.0
2996	3003	1	196.0	234.0	268.5	306.25	377.04999999999995	273.245	201.0
2996	3010	2	190.0	238.75	294.0	353.0	455.5999999999998	304.125	270.0
2996	3017	3	196.75	252.0	317.5	379.5	530.15	329.91	231.0
2996	3024	4	199.20000000000002	268.5	332.0	424.75	599.5499999999998	359.235	210.0
2996	3031	5	200.70000000000002	286.75	364.0	466.75	657.3499999999999	393.795	294.0
2996	3038	6	178.9	253.5	344.5	456.75	720.3	385.425	275.0
2996	3045	7	160.5	230.5	315.5	449.25	653.5999999999998	358.19	222.0
2996	3052	8	138.0	230.5	300.5	443.75	705.2499999999999	347.18	240.0
3024	3031	1	161.9	199.0	238.0	267.25	327.2499999999999	237.575	294.0
3024	3038	2	141.8	185.75	220.0	261.0	347.09999999999997	226.58	275.0
3024	3045	3	119.80000000000001	170.0	209.5	248.0	339.15	215.35	222.0
3024	3052	4	116.95	168.0	210.5	260.5	353.64999999999975	219.865	240.0
3024	3059	5	121.7	171.75	219.5	282.0	437.69999999999976	241.175	320.0
3024	3066	6	119.9	190.0	232.5	312.25	517.4999999999998	266.07	330.0
3024	3073	7	119.95	182.0	256.5	370.25	602.3	295.92	519.0
3024	3080	8	121.50000000000001	193.0	272.0	406.0	673.1499999999996	322.395	553.0
3052	3059	1	170.95	213.5	245.0	284.25	369.19999999999993	253.76	320.0
3052	3066	2	161.95	212.5	266.0	332.25	433.15	277.395	330.0
3052	3073	3	165.95	227.0	284.5	354.0	491.04999999999995	300.09	519.0
3052	3080	4	165.70000000000002	226.75	302.0	396.25	554.05	325.26	553.0
3052	3087	5	172.95	255.5	321.0	449.75	646.3999999999999	356.135	745.0
3052	3094	6	157.85	255.0	338.5	465.25	698.3499999999999	381.615	639.0
3052	3101	7	158.95	257.5	347.5	516.5	846.3499999999999	410.575	714.0
3052	3108	8	165.95	277.0	374.5	558.0	929.6499999999997	444.33	605.0
3080	3087	1	430.95	509.0	581.0	671.25	827.4499999999998	603.375	745.0
3080	3094	2	408.6	507.75	602.5	732.75	940.0999999999997	629.1	639.0
3080	3101	3	386.90000000000003	526.5	664.0	820.0	1070.3	688.26	714.0
3080	3108	4	387.6	556.5	733.0	896.0	1220.049999999999	755.515	605.0
3080	3115	5	364.9	564.5	745.5	980.75	1328.4499999999991	799.73	791.0
3080	3122	6	380.9	558.25	799.5	1037.25	1462.0	853.78	730.0
3080	3129	7	357.9	612.0	834.0	1083.0	1599.0999999999997	899.59	844.0
3080	3136	8	326.8	555.75	799.5	1060.25	1642.1499999999996	862.935	944.0
3108	3115	1	461.25	566.75	648.0	726.25	861.6999999999994	655.07	791.0
3108	3122	2	438.9	558.75	684.0	818.5	1080.4499999999998	704.005	730.0
3108	3129	3	402.65000000000003	575.5	683.0	863.5	1097.1999999999996	721.38	844.0
3108	3136	4	357.65000000000003	511.0	657.5	845.5	1222.3999999999999	700.905	944.0
3108	3143	5	338.6	453.25	595.0	737.0	1075.1999999999998	628.88	926.0
3108	3150	6	276.9	390.0	531.5	691.75	1018.15	569.845	751.0
3108	3157	7	243.55	356.75	468.0	625.25	889.0999999999999	503.395	573.0
3108	3164	8	204.4	293.75	390.5	530.0	806.0999999999999	434.215	412.0
3136	3143	1	612.8	705.75	809.0	893.0	1032.25	809.03	926.0
3136	3150	2	518.9	636.5	709.5	814.0	985.3499999999999	730.935	751.0
3136	3157	3	422.95	544.5	614.0	730.25	920.0999999999999	639.575	573.0
3136	3164	4	367.6	464.0	552.0	667.25	852.15	573.735	412.0
3136	3171	5	289.5	405.25	479.0	586.25	797.4499999999998	499.83	280.0
3136	3178	6	258.25	338.75	420.5	518.25	690.0999999999999	439.545	240.0
3136	3185	7	221.85	287.0	365.0	474.5	625.7499999999994	394.94	272.0
3136	3192	8	183.95	302.0	382.5	508.75	755.0499999999996	421.96	354.0
3164	3171	1	294.7	349.25	395.0	461.25	528.15	404.575	280.0
3164	3178	2	221.0	292.0	341.0	395.75	494.15	347.815	240.0
3164	3185	3	202.8	260.75	313.5	376.0	478.04999999999995	326.195	272.0
3164	3192	4	193.85	263.75	327.0	402.75	554.4999999999998	340.955	354.0
3164	3199	5	191.9	274.0	344.5	459.5	635.5999999999998	379.72	554.0
3164	3206	6	200.95	300.5	404.5	522.25	695.6499999999991	424.71	682.0
3164	3213	7	203.8	317.0	438.5	586.75	871.0499999999996	476.985	964.0
3164	3220	8	207.55	344.75	460.5	620.75	1064.1	522.065	1094.0
3192	3199	1	270.75	331.75	380.5	434.75	548.3499999999999	390.55	554.0
3192	3206	2	279.7	334.5	416.5	480.0	668.5499999999998	428.065	682.0
3192	3213	3	284.85	370.5	443.5	553.25	836.0999999999997	486.76	964.0
3192	3220	4	288.85	376.5	478.5	619.0	946.9999999999993	530.0	1094.0
3192	3227	5	291.25	410.75	532.5	701.5	1142.3999999999987	596.21	1252.0
3192	3234	6	272.40000000000003	433.0	545.5	770.25	1193.7499999999998	630.74	989.0
3192	3241	7	271.75	414.75	530.0	779.5	1197.6999999999994	631.145	1208.0
3192	3248	8	247.95	418.0	589.0	892.75	1423.35	687.165	1129.0
3220	3227	1	874.5500000000001	1031.75	1172.5	1361.25	1623.2499999999993	1199.575	1252.0
3220	3234	2	812.65	1038.0	1208.5	1529.0	2015.4499999999991	1301.455	989.0
3220	3241	3	789.0	1025.25	1262.5	1556.75	2109.3999999999996	1334.575	1208.0
3220	3248	4	778.95	1086.75	1387.0	1700.75	2387.049999999999	1444.42	1129.0
3220	3255	5	779.5500000000001	1097.25	1455.5	1819.0	2553.9499999999985	1509.095	1560.0
3220	3262	6	815.25	1141.5	1498.5	2018.75	3064.9999999999995	1639.295	1488.0
3220	3269	7	827.75	1152.0	1593.0	2183.25	3377.499999999997	1773.675	1404.0
3220	3276	8	896.9	1283.0	1745.0	2344.25	3367.7499999999995	1881.615	1797.0
3248	3255	1	839.0	1084.5	1242.5	1400.0	1620.9499999999996	1246.285	1560.0
3248	3262	2	833.0500000000001	1056.5	1302.0	1563.5	1950.4499999999991	1344.75	1488.0
3248	3269	3	800.75	1106.5	1408.0	1652.5	2337.7499999999995	1419.54	1404.0
3248	3276	4	772.8	1162.0	1440.0	1800.0	2575.95	1529.47	1797.0
3248	3283	5	801.5	1206.5	1545.0	2063.25	2721.899999999998	1663.415	996.0
3248	3290	6	753.0	1201.25	1593.5	2110.75	3098.6	1723.92	2705.0
3248	3297	7	704.3000000000001	1072.0	1429.5	1891.5	2779.349999999999	1569.11	1905.0
3248	3304	8	593.35	974.5	1313.5	1797.25	2611.999999999998	1453.83	1777.0
3276	3283	1	1326.75	1635.5	1863.0	2140.0	2682.15	1909.695	996.0
3276	3290	2	1271.7	1577.5	1773.0	2106.75	2863.0999999999995	1902.8	2705.0
3276	3297	3	1146.55	1390.75	1668.5	2052.25	2611.1	1757.395	1905.0
3276	3304	4	944.0	1289.0	1569.5	1957.25	2431.749999999998	1631.055	1777.0
3276	3311	5	938.35	1223.75	1547.5	2037.25	2727.349999999999	1653.465	1421.0
3276	3318	6	876.55	1219.0	1590.5	2016.0	2904.5999999999985	1706.415	1470.0
3276	3325	7	892.6	1284.25	1603.0	2125.5	3303.7	1795.94	1661.0
3276	3332	8	866.9	1226.0	1640.0	2261.5	3535.549999999998	1832.865	1507.0
3304	3311	1	1341.2	1583.0	1778.5	2012.5	2478.9999999999995	1812.72	1421.0
3304	3318	2	1250.9	1555.0	1819.0	2163.0	2670.05	1900.425	1470.0
3304	3325	3	1174.35	1504.75	1868.5	2354.5	3236.7	1984.165	1661.0
3304	3332	4	1102.4	1448.25	1882.0	2432.75	3563.399999999999	2044.255	1507.0
3304	3339	5	1155.4	1511.0	1996.5	2516.75	3744.05	2140.855	1832.0
3304	3346	6	1022.45	1503.75	1953.0	2615.0	3740.949999999998	2156.905	1624.0
3304	3353	7	947.85	1483.75	2027.0	2587.75	4408.999999999999	2190.475	1621.0
3304	3360	8	964.85	1540.0	1957.0	2652.75	3723.8999999999996	2194.775	1371.0
3332	3339	1	1174.0	1379.0	1599.5	1775.75	2094.2	1599.19	1832.0
3332	3346	2	1059.0	1376.5	1644.0	1863.5	2499.0	1660.705	1624.0
3332	3353	3	1043.45	1348.25	1588.0	1915.25	2659.9499999999994	1690.795	1621.0
3332	3360	4	968.8000000000001	1303.0	1628.0	2056.75	2917.949999999999	1728.295	1371.0
3332	3367	5	861.4	1271.75	1683.0	2098.5	2818.9499999999994	1733.31	1439.0
3332	3374	6	829.95	1249.25	1688.0	2153.75	2864.699999999999	1754.2	1133.0
3332	3381	7	813.45	1200.25	1661.0	2214.25	2952.849999999999	1752.015	953.0
3332	3388	8	717.35	1243.0	1643.5	2179.0	3060.5499999999993	1748.755	1032.0
3360	3367	1	1046.75	1222.0	1390.0	1559.75	1831.6499999999994	1413.025	1439.0
3360	3374	2	990.0500000000001	1186.0	1359.5	1605.0	2105.249999999998	1432.7	1133.0
3360	3381	3	833.0	1105.5	1373.5	1663.25	2242.5499999999997	1424.22	953.0
3360	3388	4	763.85	1095.0	1404.5	1725.75	2230.9999999999995	1443.985	1032.0
3360	3395	5	795.3000000000001	1065.75	1329.5	1674.25	2258.25	1404.27	835.0
3360	3402	6	648.35	933.0	1201.5	1629.25	2109.3999999999987	1291.015	629.0
3360	3409	7	557.6	791.5	1050.0	1373.75	1885.5499999999988	1132.45	419.0
3360	3416	8	509.65000000000003	721.5	972.5	1210.5	1773.3999999999992	1031.945	369.0
3388	3395	1	714.55	888.0	993.0	1130.25	1369.6499999999994	1014.7	835.0
3388	3402	2	637.65	778.0	895.0	1049.5	1429.6499999999999	944.93	629.0
3388	3409	3	520.15	683.0	788.5	951.25	1285.3999999999996	840.46	419.0
3388	3416	4	477.3	575.75	703.0	872.25	1247.0999999999997	760.865	369.0
3388	3423	5	447.9	595.5	716.5	933.25	1317.599999999998	795.77	305.0
3388	3430	6	405.9	570.5	717.0	958.5	1455.7499999999998	805.905	345.0
3388	3437	7	382.20000000000005	561.75	732.0	937.0	1444.7999999999975	800.365	269.0
3388	3444	8	376.8	554.0	728.5	969.75	1561.2499999999995	811.38	297.0
3416	3423	1	262.9	332.5	379.0	430.75	545.05	387.305	305.0
3416	3430	2	251.85	326.5	384.0	454.75	605.05	401.155	345.0
3416	3437	3	236.60000000000002	311.75	380.5	468.0	684.15	403.035	269.0
3416	3444	4	214.0	301.75	387.0	489.25	747.15	414.32	297.0
3416	3451	5	197.75	291.75	388.5	531.0	766.0999999999992	425.33	207.0
3416	3458	6	194.55	288.75	398.5	547.0	790.0999999999999	435.0	291.0
3416	3465	7	167.5	284.0	398.0	559.25	804.2499999999999	438.415	173.0
3416	3472	8	153.65	281.75	414.0	608.25	892.0999999999999	455.37	145.0
3444	3451	1	206.95	247.75	283.0	331.0	391.2499999999999	291.51	207.0
3444	3458	2	196.9	241.75	292.0	351.0	453.7999999999997	302.715	291.0
3444	3465	3	186.9	235.75	282.5	360.25	523.3	310.88	173.0
3444	3472	4	183.60000000000002	246.5	301.0	380.25	538.9499999999997	325.505	145.0
3444	3479	5	173.95	246.75	321.0	413.25	608.7499999999998	340.59	110.0
3444	3486	6	165.85	239.25	309.5	409.75	593.6999999999998	333.57	107.0
3444	3493	7	159.95	237.5	315.0	410.0	635.4999999999998	342.1	65.0
3444	3500	8	157.65	216.5	299.0	396.0	612.6499999999997	327.985	80.0
3472	3479	1	115.95	138.0	160.0	184.25	229.19999999999993	163.99	110.0
3472	3486	2	103.95	130.75	154.5	191.25	262.0	164.68	107.0
3472	3493	3	95.0	129.0	162.5	193.0	294.54999999999984	169.74	65.0
3472	3500	4	85.0	118.75	152.0	192.0	260.15	159.385	80.0
3472	3507	5	68.95	102.0	128.0	170.25	251.2999999999999	139.16	50.0
3472	3514	6	56.95	86.75	116.0	158.25	211.49999999999983	125.11	67.0
3472	3521	7	47.900000000000006	73.75	97.5	132.25	194.39999999999986	105.875	29.0
3472	3528	8	40.0	60.75	84.0	114.25	179.34999999999988	93.34	20.0
3500	3507	1	45.95	58.0	67.5	79.25	98.04999999999998	70.13	50.0
3500	3514	2	39.0	48.0	61.0	72.0	92.0	61.61	67.0
3500	3521	3	32.95	41.0	50.0	62.0	78.04999999999998	52.905	29.0
3500	3528	4	27.0	34.75	44.0	56.0	73.0	46.08	20.0
3500	3535	5	22.0	30.0	37.5	48.0	74.09999999999997	40.955	27.0
3500	3542	6	15.0	24.0	33.0	41.0	61.0	34.725	19.0
3500	3549	7	14.0	23.0	31.0	39.25	54.04999999999998	32.385	16.0
3500	3556	8	15.0	21.75	30.0	40.25	60.04999999999998	32.58	13.0
3528	3535	1	14.950000000000001	20.0	23.0	29.0	37.0	24.645	27.0
3528	3542	2	11.0	17.0	21.0	25.0	36.099999999999966	21.73	19.0
3528	3549	3	10.950000000000001	16.0	19.0	24.0	32.04999999999998	19.955	16.0
3528	3556	4	10.0	15.0	20.0	27.0	39.0	21.605	13.0
3528	3563	5	10.950000000000001	16.0	22.0	28.25	45.0	23.76	9.0
3528	3570	6	10.950000000000001	16.0	23.5	36.0	52.04999999999998	26.76	13.0
3528	3577	7	12.0	19.0	27.0	40.0	66.09999999999997	30.99	13.0
3528	3584	8	11.0	19.0	29.0	44.0	74.14999999999995	34.68	19.0
3556	3563	1	9.0	13.0	16.0	21.0	29.0	17.3	9.0
3556	3570	2	8.0	12.75	18.0	23.0	35.099999999999966	19.095	13.0
3556	3577	3	9.950000000000001	15.0	20.0	27.25	43.04999999999998	22.77	13.0
3556	3584	4	10.0	16.0	22.5	29.0	49.04999999999998	24.39	19.0
3556	3591	5	11.950000000000001	19.0	26.0	36.25	60.04999999999998	29.04	12.0
3556	3598	6	10.950000000000001	18.75	25.0	41.0	72.09999999999997	31.83	31.0
3556	3605	7	10.0	18.0	27.0	39.25	66.0	31.59	24.0
3556	3612	8	10.950000000000001	19.75	28.0	45.25	79.04999999999998	35.58	15.0
3584	3591	1	9.0	15.0	19.0	25.0	34.0	20.165	12.0
3584	3598	2	10.0	16.0	21.0	26.0	36.04999999999998	21.71	31.0
3584	3605	3	11.0	16.0	22.0	28.25	40.0	23.175	24.0
3584	3612	4	11.0	17.0	23.0	32.0	49.04999999999998	25.685	15.0
3584	3619	5	11.0	18.75	27.0	36.0	61.0	29.45	20.0
3584	3626	6	12.0	20.0	28.0	40.25	65.04999999999998	32.335	12.0
3584	3633	7	11.0	21.0	32.5	47.0	74.09999999999997	36.105	17.0
3584	3640	8	13.0	25.0	37.5	52.25	92.0	41.93	12.0
3612	3619	1	11.950000000000001	16.0	22.0	27.0	35.0	22.19	20.0
3612	3626	2	12.0	18.75	25.0	32.0	43.099999999999966	25.89	12.0
3612	3633	3	13.950000000000001	20.0	27.0	35.0	54.0	29.445	17.0
3612	3640	4	13.900000000000002	21.0	29.0	37.0	62.14999999999995	31.675	12.0
3612	3647	5	15.0	23.75	33.0	45.0	69.19999999999993	36.25	1.0
3612	3654	6	13.950000000000001	24.75	36.0	48.25	76.0	39.22	9.0
3612	3661	7	12.0	22.0	33.0	50.0	79.04999999999998	37.47	13.0
3612	3668	8	9.950000000000001	21.0	32.0	47.0	75.0	36.185	18.0
3640	3647	1	7.950000000000001	12.75	17.0	21.0	27.0	17.015	1.0
3640	3654	2	8.0	13.0	18.0	24.0	32.0	19.125	9.0
3640	3661	3	7.0	13.0	17.0	23.0	33.04999999999998	18.66	13.0
3640	3668	4	7.0	13.0	17.0	23.25	34.04999999999998	18.51	18.0
3640	3675	5	8.0	13.0	19.0	25.0	38.0	20.23	12.0
3640	3682	6	6.950000000000001	13.0	21.0	29.0	42.0	21.98	11.0
3640	3689	7	9.0	15.0	23.0	33.0	51.0	25.835	19.0
3640	3696	8	9.950000000000001	18.0	28.0	40.0	61.04999999999998	30.465	16.0
3668	3675	1	5.950000000000001	10.0	14.0	18.0	24.049999999999983	14.495	12.0
3668	3682	2	7.0	11.0	15.0	20.0	31.0	16.365	11.0
3668	3689	3	8.0	13.0	18.0	23.25	36.099999999999966	19.135	19.0
3668	3696	4	8.950000000000001	14.0	20.0	29.25	48.04999999999998	23.195	16.0
3668	3703	5	9.0	16.0	23.0	31.25	51.04999999999998	25.5	29.0
3668	3710	6	9.0	17.75	25.0	38.25	55.04999999999998	28.625	33.0
3668	3717	7	9.950000000000001	20.0	28.5	42.25	70.0	32.525	33.0
3668	3724	8	9.950000000000001	21.0	31.5	47.0	81.14999999999995	36.88	41.0
3696	3703	1	10.0	16.0	20.5	26.0	34.04999999999998	21.415	29.0
3696	3710	2	10.0	16.75	22.0	28.0	42.099999999999966	23.62	33.0
3696	3717	3	10.0	18.75	25.0	34.0	55.04999999999998	27.755	33.0
3696	3724	4	11.0	20.75	30.0	42.25	67.04999999999998	32.935	41.0
3696	3731	5	12.0	23.0	33.0	48.0	73.19999999999993	36.805	57.0
3696	3738	6	13.0	24.0	36.0	53.0	90.0	41.095	32.0
3696	3745	7	16.0	29.0	39.0	58.75	95.09999999999997	46.915	45.0
3696	3752	8	15.950000000000001	30.0	49.5	71.25	115.14999999999995	55.08	67.0
3724	3731	1	29.0	37.0	44.0	53.0	68.04999999999998	45.72	57.0
3724	3738	2	28.900000000000002	39.0	47.0	59.25	81.0	50.7	32.0
3724	3745	3	30.0	41.0	53.5	70.0	93.04999999999998	57.52	45.0
3724	3752	4	29.85	45.0	61.0	77.0	111.44999999999985	64.33	67.0
3724	3759	5	30.0	47.0	68.0	88.0	130.0	71.735	67.0
3724	3766	6	31.750000000000007	49.0	72.0	94.5	139.04999999999998	75.96	93.0
3724	3773	7	26.950000000000003	44.75	67.0	92.0	138.09999999999997	72.655	72.0
3724	3780	8	28.950000000000003	46.75	67.5	98.25	149.09999999999997	76.22	71.0
3752	3759	1	44.0	57.75	66.0	76.0	98.04999999999998	68.12	67.0
3752	3766	2	43.95	55.75	67.0	84.0	105.04999999999998	70.52	93.0
3752	3773	3	39.95	53.0	67.0	85.0	109.09999999999997	71.285	72.0
3752	3780	4	36.0	50.0	64.0	83.25	118.19999999999993	69.625	71.0
3752	3787	5	34.0	53.75	72.0	95.0	146.2999999999999	78.69	58.0
3752	3794	6	32.95	54.0	78.0	105.25	179.0	87.555	61.0
3752	3801	7	34.95	60.75	87.0	122.5	210.0	99.76	42.0
3752	3808	8	40.0	61.0	92.0	137.0	245.04999999999998	111.325	68.0
3780	3787	1	49.95	63.0	75.5	90.0	119.0	78.01	58.0
3780	3794	2	49.95	68.0	83.0	104.0	144.0	88.13	61.0
3780	3801	3	51.95	68.0	92.0	118.5	176.14999999999995	98.23	42.0
3780	3808	4	54.95	74.0	95.5	132.25	198.04999999999998	109.005	68.0
3780	3815	5	52.0	77.75	110.0	155.5	226.09999999999997	123.095	83.0
3780	3822	6	53.0	84.75	123.5	173.0	263.8999999999997	135.73	93.0
3780	3829	7	54.95	92.75	140.5	195.25	286.1999999999996	156.42	81.0
3780	3836	8	66.0	95.0	152.0	221.75	367.04999999999995	178.385	94.0
3808	3815	1	45.95	60.0	69.5	81.0	111.04999999999998	72.305	83.0
3808	3822	2	43.95	64.0	78.5	98.25	133.34999999999988	82.765	93.0
3808	3829	3	42.95	65.75	83.0	110.0	176.09999999999997	90.855	81.0
3808	3836	4	44.95	69.5	93.0	124.0	213.2999999999999	103.31	94.0
3808	3843	5	42.0	74.75	107.5	139.25	261.15	117.47	121.0
3808	3850	6	47.95	82.0	115.5	160.75	293.19999999999993	133.445	191.0
3808	3857	7	47.0	86.75	126.0	178.75	314.15	144.79	169.0
3808	3864	8	41.800000000000004	89.0	131.5	195.5	330.15	152.01	147.0
3836	3843	1	70.0	85.0	100.5	118.25	154.04999999999998	104.305	121.0
3836	3850	2	70.95	90.75	111.0	136.0	197.19999999999993	117.31	191.0
3836	3857	3	74.95	103.0	127.0	162.25	220.64999999999978	136.72	169.0
3836	3864	4	65.0	96.0	126.5	172.25	265.39999999999986	142.145	147.0
3836	3871	5	63.0	94.75	128.5	174.25	278.4499999999998	143.525	126.0
3836	3878	6	57.85	87.0	114.0	158.75	260.39999999999986	132.92	123.0
3836	3885	7	51.900000000000006	79.75	107.5	144.0	249.94999999999968	122.295	105.0
3836	3892	8	41.95	70.75	98.5	138.25	200.04999999999964	111.035	81.0
3864	3871	1	103.95	124.75	143.5	169.0	209.14999999999995	149.145	126.0
3864	3878	2	90.95	111.0	133.0	159.25	201.04999999999998	137.01	123.0
3864	3885	3	80.95	99.0	122.0	141.25	190.14999999999995	125.075	105.0
3864	3892	4	68.0	87.75	110.0	134.25	176.09999999999997	113.915	81.0
3864	3899	5	51.95	77.75	96.0	124.0	169.0	103.625	63.0
3864	3906	6	51.900000000000006	72.0	86.0	118.25	157.19999999999993	95.88	57.0
3864	3913	7	42.0	65.0	85.0	111.0	159.2999999999999	91.41	87.0
3864	3920	8	44.0	66.0	88.0	121.0	175.04999999999998	96.735	80.0
3892	3899	1	55.900000000000006	66.0	74.5	88.25	109.0	78.11	63.0
3892	3906	2	42.0	57.0	70.0	86.25	109.0	72.595	57.0
3892	3913	3	39.0	53.0	67.0	83.0	109.09999999999997	69.75	87.0
3892	3920	4	40.95	55.0	71.5	94.0	128.0	76.195	80.0
3892	3927	5	44.0	60.0	79.0	101.25	163.09999999999997	85.675	125.0
3892	3934	6	45.900000000000006	71.0	92.5	125.5	200.04999999999998	103.575	159.0
3892	3941	7	47.95	82.0	109.5	148.25	228.04999999999998	122.35	185.0
3892	3948	8	56.95	94.75	124.0	172.5	273.4499999999998	142.97	204.0
3920	3927	1	57.95	77.0	91.0	106.25	132.04999999999998	92.725	125.0
3920	3934	2	62.95	83.0	101.5	131.0	182.14999999999995	109.34	159.0
3920	3941	3	62.95	91.0	116.5	153.25	227.09999999999997	127.88	185.0
3920	3948	4	72.0	103.0	140.0	180.5	273.4499999999998	151.395	204.0
3920	3955	5	80.0	121.0	164.0	215.25	339.04999999999995	180.28	254.0
3920	3962	6	96.65	142.0	182.5	244.25	413.2999999999999	208.305	285.0
3920	3969	7	83.9	145.25	189.0	264.25	406.2999999999999	212.65	209.0
3920	3976	8	101.9	164.0	218.0	312.0	470.5999999999998	249.145	262.0
3948	3955	1	155.95	201.0	231.5	275.0	354.19999999999993	241.885	254.0
3948	3962	2	161.0	211.75	265.0	319.25	441.39999999999986	276.33	285.0
3948	3969	3	157.70000000000002	220.75	278.0	344.5	487.4499999999998	287.675	209.0
3948	3976	4	154.95	226.0	301.5	394.5	623.3499999999999	325.98	262.0
3948	3983	5	165.70000000000002	264.5	348.5	454.0	722.3999999999999	384.265	273.0
3948	3990	6	168.10000000000002	283.0	386.5	553.25	910.3499999999996	453.78	390.0
3948	3997	7	176.85	316.25	451.5	620.0	1136.2999999999993	526.795	473.0
3948	4004	8	197.75	342.25	517.5	735.5	1415.2499999999993	611.85	548.0
3976	3983	1	189.95	235.0	284.0	350.5	418.04999999999995	297.015	273.0
3976	3990	2	190.9	273.75	335.0	419.25	533.3	348.935	390.0
3976	3997	3	207.8	299.5	367.0	469.0	667.3499999999996	398.745	473.0
3976	4004	4	206.0	318.0	417.0	576.25	811.0999999999992	459.21	548.0
3976	4011	5	216.85	362.0	491.0	650.0	946.7999999999997	535.37	550.0
3976	4018	6	239.60000000000002	386.5	562.5	757.75	1188.6999999999998	606.825	988.0
3976	4025	7	235.85	353.25	520.5	769.0	1226.1999999999998	595.415	1004.0
3976	4032	8	246.95	351.5	490.5	709.25	1139.1499999999992	567.165	791.0
4004	4011	1	454.25	544.0	616.0	723.0	872.3	637.33	550.0
4004	4018	2	427.8	574.25	685.0	819.0	1013.1999999999999	705.09	988.0
4004	4025	3	418.75	573.0	687.0	821.5	1060.05	704.455	1004.0
4004	4032	4	374.75	499.0	651.5	805.0	1038.3999999999992	675.545	791.0
4004	4039	5	385.45000000000005	554.25	664.0	874.25	1228.7999999999997	734.51	656.0
4004	4046	6	399.55	615.0	768.5	1037.5	1480.7499999999993	843.69	1137.0
4004	4053	7	424.8	616.75	869.0	1202.25	1883.35	966.2	1295.0
4004	4060	8	451.3	688.75	1001.5	1375.75	2145.249999999999	1097.515	1945.0
4032	4039	1	667.9	798.75	904.0	1031.0	1222.5499999999997	929.105	656.0
4032	4046	2	594.95	852.25	983.5	1226.25	1575.9499999999994	1039.01	1137.0
4032	4053	3	593.4	868.75	1112.5	1392.0	1968.2999999999986	1176.85	1295.0
4032	4060	4	561.75	974.5	1263.0	1643.75	2062.1	1323.645	1945.0
4032	4067	5	607.2	1064.75	1402.5	1800.25	2510.2999999999997	1472.885	2402.0
4032	4074	6	657.65	1072.75	1502.0	2037.5	3058.5499999999997	1618.395	2694.0
4032	4081	7	622.5	1197.25	1633.0	2310.5	3510.199999999998	1837.77	3412.0
4032	4088	8	708.2	1219.0	1855.5	2468.0	4054.999999999999	2018.2	2626.0
4060	4067	1	1563.8	1824.25	2095.5	2350.25	2784.549999999999	2115.5	2402.0
4060	4074	2	1508.45	1920.75	2327.0	2814.5	3481.7499999999995	2380.325	2694.0
4060	4081	3	1425.8500000000001	2034.5	2427.5	3044.25	4021.6499999999987	2555.825	3412.0
4060	4088	4	1505.2	2046.75	2705.5	3395.75	4460.199999999998	2808.765	2626.0
4060	4095	5	1433.85	2166.25	2755.0	3690.0	5034.5999999999985	3001.465	3685.0
4060	4102	6	1505.5	2247.75	3062.5	3998.5	6043.099999999996	3304.855	3337.0
4060	4109	7	1616.7	2363.5	3124.0	4209.75	6252.75	3405.02	4103.0
4060	4116	8	1567.6000000000001	2383.75	3142.0	4192.25	6812.5999999999985	3547.21	3089.0
4088	4095	1	2101.8	2633.5	2955.5	3411.5	3998.049999999999	3025.175	3685.0
4088	4102	2	2011.65	2657.25	3085.0	3632.75	4949.549999999998	3203.535	3337.0
4088	4109	3	2117.75	2632.75	3225.0	3828.0	5056.999999999999	3373.06	4103.0
4088	4116	4	2076.75	2607.5	3292.5	4110.25	5399.45	3455.21	3089.0
4088	4123	5	1832.15	2646.5	3270.5	4283.75	5780.049999999994	3548.545	3291.0
4088	4130	6	1688.15	2551.25	3314.0	4196.25	5806.9	3480.17	2614.0
4088	4137	7	1448.7	2241.0	2899.0	3578.25	5232.999999999997	3046.145	1789.0
4088	4144	8	1354.55	1985.0	2719.0	3516.5	4562.199999999997	2817.81	1236.0
4116	4123	1	2479.65	3007.5	3468.0	3878.5	4424.499999999999	3445.425	3291.0
4116	4130	2	2235.85	2764.75	3191.5	3843.75	4771.799999999999	3323.555	2614.0
4116	4137	3	1883.0	2444.75	2878.0	3377.25	4429.949999999999	2977.64	1789.0
4116	4144	4	1669.4	2117.0	2661.5	3190.5	4485.1	2760.725	1236.0
4116	4151	5	1535.25	2031.25	2472.5	3183.25	4191.25	2661.5	1063.0
4116	4158	6	1375.65	1948.75	2457.0	3013.25	4488.399999999996	2622.87	962.0
4116	4165	7	1381.6000000000001	1899.75	2489.5	3206.0	4261.549999999999	2613.96	923.0
4116	4172	8	1263.45	1891.5	2321.5	3172.75	4226.3	2528.695	792.0
4144	4151	1	1033.5	1233.5	1430.0	1570.75	1859.749999999999	1426.015	1063.0
4144	4158	2	927.55	1137.25	1369.5	1601.75	1987.05	1397.68	962.0
4144	4165	3	793.65	1135.75	1397.0	1662.25	2173.299999999999	1423.495	923.0
4144	4172	4	844.7	1113.25	1379.0	1732.25	2463.7499999999995	1466.92	792.0
4144	4179	5	710.75	1052.75	1376.0	1751.25	2556.2999999999997	1478.665	932.0
4144	4186	6	751.7	1085.5	1347.0	1798.5	2522.5499999999997	1490.945	496.0
4144	4193	7	750.8	1024.25	1348.0	1824.0	2685.0499999999997	1488.025	506.0
4144	4200	8	673.75	1019.5	1299.0	1779.75	2869.05	1476.23	342.0
4172	4179	1	565.95	711.25	806.5	941.0	1112.1999999999998	821.125	932.0
4172	4186	2	506.1	652.0	766.5	939.0	1201.6999999999991	809.175	496.0
4172	4193	3	476.9	628.25	776.5	972.0	1277.6499999999999	826.395	506.0
4172	4200	4	434.65000000000003	613.0	791.0	1019.0	1447.05	844.34	342.0
4172	4207	5	387.95	572.5	778.5	1073.5	1512.1499999999999	859.49	380.0
4172	4214	6	374.95	586.75	802.5	1105.75	1560.8499999999997	873.47	272.0
4172	4221	7	401.75	571.75	814.5	1099.25	1698.4499999999991	887.29	192.0
4172	4228	8	357.40000000000003	550.25	781.0	1084.5	1608.199999999997	855.885	166.0
4200	4207	1	289.95	344.5	404.0	453.25	570.7499999999998	410.195	380.0
4200	4214	2	254.75	334.75	399.5	468.25	617.05	416.87	272.0
4200	4221	3	240.5	336.0	425.0	489.25	689.5999999999998	440.42	192.0
4200	4228	4	222.8	327.25	394.5	514.5	692.3999999999999	430.73	166.0
4200	4235	5	196.85	282.75	356.0	471.25	683.3999999999992	393.69	130.0
4200	4242	6	163.70000000000002	247.75	307.0	395.0	611.0999999999999	340.12	124.0
4200	4249	7	152.9	210.5	282.5	360.0	506.3499999999999	297.105	82.0
4200	4256	8	123.95	181.75	246.5	316.25	478.2499999999999	261.34	76.0
4228	4235	1	121.95	145.0	163.0	186.0	219.44999999999985	166.795	130.0
4228	4242	2	94.0	128.75	146.0	165.0	207.14999999999995	147.86	124.0
4228	4249	3	85.85000000000001	105.75	122.5	146.25	183.09999999999997	127.915	82.0
4228	4256	4	69.0	91.75	111.5	130.0	164.09999999999997	113.05	76.0
4228	4263	5	59.95	75.75	91.5	112.0	156.04999999999998	96.25	58.0
4228	4270	6	44.95	64.0	79.0	102.0	138.04999999999998	85.105	38.0
4228	4277	7	37.0	55.0	72.5	90.0	128.19999999999993	75.375	22.0
4228	4284	8	36.95	54.5	66.0	88.0	140.24999999999991	74.845	24.0
4256	4263	1	44.95	55.75	66.0	77.0	96.04999999999998	66.52	58.0
4256	4270	2	35.0	48.0	57.0	67.0	82.09999999999997	58.035	38.0
4256	4277	3	30.950000000000003	40.0	50.0	59.5	77.09999999999997	50.925	22.0
4256	4284	4	29.0	38.0	49.0	59.25	83.04999999999998	51.005	24.0
4256	4291	5	24.950000000000003	38.0	53.0	69.25	90.0	54.835	32.0
4256	4298	6	28.0	44.0	58.5	79.5	111.04999999999998	63.035	29.0
4256	4305	7	26.0	48.75	66.0	95.0	137.0	72.395	41.0
4256	4312	8	30.950000000000003	45.0	70.5	97.0	151.09999999999997	76.365	33.0
4284	4291	1	18.950000000000003	24.0	29.0	36.0	47.04999999999998	30.385	32.0
4284	4298	2	17.0	24.0	29.0	39.0	58.04999999999998	32.515	29.0
4284	4305	3	18.0	26.75	34.0	46.0	62.04999999999998	37.025	41.0
4284	4312	4	17.0	27.0	34.5	47.0	69.49999999999983	39.255	33.0
4284	4319	5	18.0	29.0	39.0	53.25	88.14999999999995	45.195	33.0
4284	4326	6	16.950000000000003	31.75	45.0	61.25	98.2999999999999	50.435	28.0
4284	4333	7	21.0	32.0	42.0	60.25	94.09999999999997	50.14	36.0
4284	4340	8	18.0	34.75	48.5	64.25	100.14999999999995	53.9	30.0
4312	4319	1	25.0	32.75	40.0	48.0	60.04999999999998	41.125	33.0
4312	4326	2	23.0	35.75	45.0	54.0	71.14999999999995	45.3	28.0
4312	4333	3	22.950000000000003	36.0	44.0	57.0	78.0	46.84	36.0
4312	4340	4	22.0	34.0	43.0	60.5	97.19999999999993	50.09	30.0
4312	4347	5	23.950000000000003	36.0	50.0	69.25	108.09999999999997	56.27	29.0
4312	4354	6	24.900000000000002	38.75	54.5	86.0	130.14999999999995	65.13	22.0
4312	4361	7	28.0	44.0	68.0	93.25	154.04999999999998	73.84	20.0
4312	4368	8	27.0	51.0	73.0	103.25	189.09999999999997	84.03	13.0
4340	4347	1	19.950000000000003	29.0	36.0	44.0	57.0	37.19	29.0
4340	4354	2	20.0	31.0	39.0	49.0	70.0	41.495	22.0
4340	4361	3	21.950000000000003	34.0	44.0	59.0	94.0	48.645	20.0
4340	4368	4	22.950000000000003	35.0	49.0	64.25	102.19999999999993	54.46	13.0
4340	4375	5	22.950000000000003	39.0	55.0	79.25	123.04999999999998	62.195	15.0
4340	4382	6	24.0	40.0	59.5	84.5	148.0	69.17	22.0
4340	4389	7	19.950000000000003	39.75	56.5	84.25	151.04999999999998	67.205	26.0
4340	4396	8	19.0	37.75	55.0	86.25	138.19999999999993	66.0	26.0
4368	4375	1	12.0	17.0	22.0	26.0	36.0	22.13	15.0
4368	4382	2	12.950000000000001	18.0	24.0	30.0	44.0	24.935	22.0
4368	4389	3	11.0	17.0	23.0	31.0	45.04999999999998	25.095	26.0
4368	4396	4	9.0	16.0	23.0	31.0	46.04999999999998	24.67	26.0
4368	4403	5	8.0	16.0	22.0	30.0	42.099999999999966	23.655	20.0
4368	4410	6	7.950000000000001	17.75	25.0	33.0	53.04999999999998	27.115	22.0
4368	4417	7	9.0	19.0	27.0	37.0	60.34999999999988	30.745	26.0
4368	4424	8	11.0	22.0	33.0	46.0	71.04999999999998	36.305	51.0
4396	4403	1	14.0	19.0	24.5	31.0	40.14999999999995	25.76	20.0
4396	4410	2	13.950000000000001	20.0	26.0	34.0	52.0	28.65	22.0
4396	4417	3	15.0	21.75	30.0	42.0	62.04999999999998	33.305	26.0
4396	4424	4	14.950000000000001	26.0	34.0	48.25	73.04999999999998	37.325	51.0
4396	4431	5	14.950000000000001	27.0	39.0	51.0	83.0	42.045	61.0
4396	4438	6	15.950000000000001	28.0	41.0	60.25	104.04999999999998	47.75	49.0
4396	4445	7	18.85	33.75	47.0	68.25	127.0	55.76	76.0
4396	4452	8	18.0	33.0	51.5	81.0	143.19999999999993	63.77	54.0
4424	4431	1	32.0	41.0	48.5	58.0	71.04999999999998	50.37	61.0
4424	4438	2	31.0	43.75	57.0	71.0	90.09999999999997	58.385	49.0
4424	4445	3	32.0	49.0	61.0	78.0	107.04999999999998	65.65	76.0
4424	4452	4	34.0	51.0	69.0	91.25	126.09999999999997	73.02	54.0
4424	4459	5	35.95	57.0	75.5	100.5	145.14999999999995	81.29	56.0
4424	4466	6	41.75000000000001	61.75	84.0	116.5	167.09999999999997	93.4	66.0
4424	4473	7	39.0	68.0	92.5	128.0	204.39999999999986	103.195	76.0
4424	4480	8	39.95	72.75	105.5	142.0	224.04999999999998	115.77	75.0
4452	4459	1	42.95	57.0	70.0	84.0	108.19999999999993	72.555	56.0
4452	4466	2	43.95	60.75	75.0	90.0	130.24999999999991	78.52	66.0
4452	4473	3	47.95	64.75	81.0	108.0	161.14999999999995	89.755	76.0
4452	4480	4	48.0	67.0	91.0	122.0	173.0	100.13	75.0
4452	4487	5	53.7	70.75	98.0	134.0	223.04999999999998	110.605	114.0
4452	4494	6	42.0	74.75	104.5	142.5	261.5999999999998	118.26	83.0
4452	4501	7	43.95	67.75	104.0	141.0	239.14999999999995	114.565	80.0
4452	4508	8	43.95	68.75	98.0	141.25	263.09999999999997	116.245	94.0
4480	4487	1	53.0	70.0	83.5	97.0	125.0	84.59	114.0
4480	4494	2	54.0	69.0	85.0	103.25	136.0	88.835	83.0
4480	4501	3	45.900000000000006	66.0	84.0	100.25	137.04999999999998	86.535	80.0
4480	4508	4	40.95	63.0	80.5	100.0	137.0	84.27	94.0
4480	4515	5	46.900000000000006	66.0	85.0	108.25	171.09999999999997	93.015	166.0
4480	4522	6	46.85	73.75	98.5	124.0	191.24999999999991	105.345	206.0
4480	4529	7	48.0	75.75	102.0	146.0	238.2999999999999	116.155	249.0
4480	4536	8	53.900000000000006	87.75	117.5	168.0	281.04999999999995	137.475	316.0
4508	4515	1	61.85	77.0	93.5	106.25	147.04999999999998	94.955	166.0
4508	4522	2	59.95	82.75	100.0	120.25	160.04999999999998	105.37	206.0
4508	4529	3	57.95	84.0	109.5	139.25	197.14999999999995	116.84	249.0
4508	4536	4	67.0	95.75	127.0	160.0	229.19999999999993	132.99	316.0
4508	4543	5	62.95	101.75	131.5	176.25	283.04999999999995	148.72	317.0
4508	4550	6	73.65	106.75	147.5	204.0	333.15	166.07	282.0
4508	4557	7	71.95	113.0	158.0	232.25	393.64999999999975	184.44	280.0
4508	4564	8	72.95	124.0	173.5	256.0	477.0499999999996	208.705	374.0
4536	4543	1	239.0	285.0	332.0	381.0	464.15	339.305	317.0
4536	4550	2	252.85	310.0	384.0	458.5	582.6499999999997	396.16	282.0
4536	4557	3	250.0	331.25	415.5	525.75	715.5499999999998	446.34	280.0
4536	4564	4	218.8	343.0	465.0	597.0	873.7999999999997	493.025	374.0
4536	4571	5	228.95	358.25	489.5	678.75	1010.2499999999995	542.34	305.0
4536	4578	6	244.8	383.75	537.5	799.25	1259.4499999999996	626.95	329.0
4536	4585	7	274.3	413.75	571.0	924.25	1633.3	698.34	287.0
4536	4592	8	276.95	399.5	633.0	943.75	1532.4499999999978	729.095	363.0
4564	4571	1	276.8	333.5	387.5	451.25	560.1999999999996	396.645	305.0
4564	4578	2	259.9	359.75	424.5	507.25	694.0999999999999	441.29	329.0
4564	4585	3	271.75	387.5	476.0	574.25	780.0	492.61	287.0
4564	4592	4	258.9	400.0	507.0	648.0	949.3999999999992	544.975	363.0
4564	4599	5	230.95	379.5	495.0	678.25	906.799999999999	543.04	258.0
4564	4606	6	231.95	344.75	464.5	614.25	918.7999999999997	501.76	225.0
4564	4613	7	189.45000000000002	300.75	424.0	568.0	822.9999999999993	458.955	245.0
4564	4620	8	161.95	275.75	384.5	522.5	803.2999999999995	423.21	186.0
4592	4599	1	231.75	289.75	327.0	374.5	454.04999999999995	335.0	258.0
4592	4606	2	208.0	254.75	299.5	357.25	432.04999999999995	308.07	225.0
4592	4613	3	176.85	225.5	271.0	321.5	434.2499999999999	282.775	245.0
4592	4620	4	160.0	205.0	249.0	292.25	394.04999999999995	256.755	186.0
4592	4627	5	136.85	180.75	221.5	293.0	401.64999999999975	239.97	172.0
4592	4634	6	112.95	152.0	202.0	256.5	351.0	211.195	104.0
4592	4641	7	99.9	138.75	178.5	244.0	341.54999999999984	195.44	98.0
4592	4648	8	99.0	136.0	181.0	235.0	340.39999999999986	194.065	85.0
4620	4627	1	130.95	151.75	169.0	198.0	237.04999999999998	176.58	172.0
4620	4634	2	105.0	130.0	153.5	177.25	223.09999999999997	157.475	104.0
4620	4641	3	84.9	114.0	135.5	161.25	200.19999999999993	139.215	98.0
4620	4648	4	80.95	116.75	137.5	170.25	234.09999999999997	146.355	85.0
4620	4655	5	82.95	120.75	148.5	190.0	274.09999999999997	164.085	100.0
4620	4662	6	84.95	131.0	176.5	237.75	401.0	200.21	140.0
4620	4669	7	88.0	152.5	206.5	299.0	503.99999999999966	239.98	146.0
4620	4676	8	97.85000000000001	164.75	240.0	362.0	597.2999999999993	285.775	190.0
4648	4655	1	66.0	80.0	95.0	114.0	145.09999999999997	99.145	100.0
4648	4662	2	63.95	86.0	109.0	139.25	200.09999999999997	116.985	140.0
4648	4669	3	68.9	97.5	131.0	169.5	246.44999999999985	140.5	146.0
4648	4676	4	69.0	109.5	154.0	203.0	346.15	170.685	190.0
4648	4683	5	77.9	130.75	175.0	238.75	387.3499999999999	199.71	195.0
4648	4690	6	75.85000000000001	134.0	198.0	281.75	452.2999999999999	223.87	193.0
4648	4697	7	80.9	145.75	210.0	296.25	516.4999999999998	240.385	232.0
4648	4704	8	83.9	154.75	217.0	306.25	572.6999999999998	259.715	220.0
4676	4683	1	145.0	177.0	213.5	247.75	310.04999999999995	216.42	195.0
4676	4690	2	147.0	198.0	250.0	302.0	413.4499999999998	259.785	193.0
4676	4697	3	141.95	205.0	264.5	360.5	466.19999999999993	282.82	232.0
4676	4704	4	132.85	199.0	275.0	385.5	600.15	305.57	220.0
4676	4711	5	148.9	230.0	314.0	425.0	704.3	350.12	314.0
4676	4718	6	153.8	245.75	360.5	492.75	882.15	407.405	266.0
4676	4725	7	178.9	298.0	420.5	609.25	1050.9499999999996	499.46	390.0
4676	4732	8	184.70000000000002	315.25	455.0	682.5	1387.8499999999997	571.685	397.0
4704	4711	1	174.95	212.0	248.5	292.25	368.4499999999998	256.615	314.0
4704	4718	2	178.75	235.0	280.5	351.0	459.3499999999999	300.74	266.0
4704	4725	3	182.9	265.75	330.0	409.75	579.0	352.22	390.0
4704	4732	4	203.9	274.0	362.5	505.25	751.2999999999995	407.03	397.0
4704	4739	5	215.9	303.25	424.5	594.25	908.6499999999997	474.54	397.0
4704	4746	6	223.8	338.75	490.5	710.0	1131.0999999999997	557.35	438.0
4704	4753	7	237.9	359.5	510.5	694.75	1072.549999999999	570.625	798.0
4704	4760	8	237.70000000000002	335.0	489.5	681.5	1041.7999999999997	549.41	674.0
4732	4739	1	328.95	406.25	458.0	548.25	659.5999999999998	477.34	397.0
4732	4746	2	312.85	419.75	517.5	629.25	797.15	535.04	438.0
4732	4753	3	328.75	419.0	519.5	657.5	890.7499999999998	551.61	798.0
4732	4760	4	290.95	407.75	515.0	666.25	859.6999999999998	547.345	674.0
4732	4767	5	281.8	393.0	517.0	695.5	973.8999999999996	562.5	680.0
4732	4774	6	272.0	425.0	559.5	765.25	1198.05	616.5	682.0
4732	4781	7	285.85	451.75	650.0	849.0	1366.599999999998	703.695	971.0
4732	4788	8	329.95	498.75	710.5	1016.5	1629.3999999999992	810.095	1353.0
4760	4767	1	477.6	603.0	674.0	779.25	991.9999999999993	705.01	680.0
4760	4774	2	509.8	638.5	743.0	908.0	1263.35	795.07	682.0
4760	4781	3	522.6	670.75	884.5	1105.75	1409.0	919.065	971.0
4760	4788	4	554.85	745.75	970.0	1266.75	1920.3999999999996	1062.695	1353.0
4760	4795	5	544.5	770.75	1071.5	1494.25	2071.85	1174.965	1508.0
4760	4802	6	576.85	915.75	1214.5	1700.25	2429.15	1353.01	1945.0
4760	4809	7	582.95	977.5	1332.5	1824.5	2822.949999999999	1499.9	1876.0
4760	4816	8	615.25	1084.75	1494.5	2101.0	3049.749999999999	1682.185	2225.0
4788	4795	1	1056.1	1289.25	1453.5	1689.0	2105.6	1505.305	1508.0
4788	4802	2	1117.55	1350.0	1671.5	1940.25	2530.0499999999997	1693.795	1945.0
4788	4809	3	1140.8	1575.75	1876.0	2257.25	2938.4499999999994	1953.245	1876.0
4788	4816	4	1190.8	1627.25	2064.0	2626.75	3558.6	2179.475	2225.0
4788	4823	5	1248.9	1761.75	2272.0	2983.5	4084.8999999999996	2427.975	1832.0
4788	4830	6	1328.15	1859.0	2475.0	3200.0	4261.45	2616.48	2034.0
4788	4837	7	1254.0	2033.5	2671.0	3297.5	4778.549999999999	2724.56	1724.0
4788	4844	8	1410.35	2074.25	2691.5	3438.5	4979.749999999998	2887.01	2007.0
4816	4823	1	1639.9	2069.5	2302.0	2637.0	3480.2	2376.725	1832.0
4816	4830	2	1662.1	2045.0	2446.0	3035.25	3978.2	2597.7	2034.0
4816	4837	3	1648.95	2143.25	2681.5	3408.25	4719.749999999998	2853.755	1724.0
4816	4844	4	1568.75	2202.75	2782.0	3446.5	5448.45	3004.615	2007.0
4816	4851	5	1573.5	2327.0	2999.0	3981.25	5563.5999999999985	3223.645	2016.0
4816	4858	6	1585.2	2386.0	2964.0	3912.0	5720.749999999996	3282.75	1767.0
4816	4865	7	1391.5	2151.5	2801.0	3622.75	5631.45	3025.745	1780.0
4816	4872	8	1291.3	1904.5	2590.5	3332.25	4825.149999999999	2751.475	1640.0
4844	4851	1	1508.1	1767.25	2018.5	2240.25	2666.6499999999996	2038.285	2016.0
4844	4858	2	1348.0	1656.5	1975.5	2337.0	3118.999999999998	2063.2	1767.0
4844	4865	3	1220.75	1520.5	1813.5	2219.25	3155.8999999999983	1947.89	1780.0
4844	4872	4	1082.3	1391.25	1701.5	2124.5	3069.2	1812.055	1640.0
4844	4879	5	968.9	1368.0	1700.0	2169.5	3086.05	1799.215	1169.0
4844	4886	6	1000.65	1384.0	1653.0	2188.75	3093.9999999999977	1823.735	869.0
4844	4893	7	951.2	1382.5	1783.0	2168.25	3339.25	1879.01	1071.0
4844	4900	8	972.0	1382.5	1825.5	2389.75	3068.6499999999987	1932.89	893.0
4872	4879	1	1136.65	1396.0	1593.0	1854.0	2274.9999999999995	1638.04	1169.0
4872	4886	2	1066.75	1370.0	1671.5	2059.25	2596.5999999999995	1724.47	869.0
4872	4893	3	1030.55	1390.0	1731.0	2151.25	2782.249999999999	1790.895	1071.0
4872	4900	4	1028.2	1396.5	1774.5	2298.75	3198.5999999999985	1915.105	893.0
4872	4907	5	1039.3	1402.5	1891.0	2384.5	3415.5999999999985	2001.84	964.0
4872	4914	6	1003.8	1387.75	1862.0	2493.25	3328.2999999999997	2026.66	856.0
4872	4921	7	937.8	1445.5	1963.5	2511.75	3517.299999999996	2076.665	752.0
4872	4928	8	928.0	1386.0	1976.0	2540.5	3859.3499999999976	2138.845	584.0
4900	4907	1	698.5	810.75	956.0	1093.5	1378.1499999999996	970.595	964.0
4900	4914	2	670.85	816.75	948.0	1159.25	1534.3999999999996	1018.9	856.0
4900	4921	3	628.95	802.75	988.5	1278.25	1716.1499999999999	1070.175	752.0
4900	4928	4	596.9	833.5	1022.0	1358.25	1936.7499999999993	1132.98	584.0
4900	4935	5	600.95	845.25	1065.0	1440.25	2029.4999999999995	1188.375	427.0
4900	4942	6	585.95	834.75	1117.0	1497.5	2256.35	1234.82	344.0
4900	4949	7	550.45	889.0	1145.0	1612.25	2255.7499999999995	1283.795	255.0
4900	4956	8	521.9	836.75	1139.0	1662.75	2360.0499999999993	1295.035	219.0
4928	4935	1	465.8	561.0	633.0	727.0	902.7499999999998	653.975	427.0
4928	4942	2	449.85	543.75	657.0	820.0	1044.6499999999994	693.49	344.0
4928	4949	3	394.95	542.0	688.5	905.25	1145.05	738.545	255.0
4928	4956	4	379.6	546.0	713.5	954.0	1354.05	768.51	219.0
4928	4963	5	329.95	490.75	639.0	910.5	1305.05	726.295	216.0
4928	4970	6	299.85	451.0	595.0	859.25	1326.35	678.225	162.0
4928	4977	7	256.85	384.25	523.0	709.25	1061.9499999999996	580.545	148.0
4928	4984	8	231.45000000000002	345.0	476.0	642.25	925.7499999999998	525.43	90.0
4956	4963	1	144.9	185.75	213.0	247.0	295.0	217.765	216.0
4956	4970	2	126.0	157.0	184.5	213.0	287.2999999999999	191.15	162.0
4956	4977	3	99.0	131.75	159.0	195.25	257.3499999999999	166.935	148.0
4956	4984	4	86.0	117.0	142.0	176.25	228.24999999999991	149.21	90.0
4956	4991	5	74.75	100.0	127.0	155.25	214.24999999999991	132.39	60.0
4956	4998	6	63.0	90.75	110.0	137.0	189.44999999999985	117.485	53.0
4956	5005	7	56.95	76.0	96.5	123.25	188.19999999999993	104.7	28.0
4956	5012	8	50.0	71.0	91.0	121.25	184.2999999999999	100.76	28.0
4984	4991	1	61.95	79.0	92.5	104.0	126.14999999999995	92.775	60.0
4984	4998	2	53.0	68.0	79.5	91.0	115.09999999999997	81.19	53.0
4984	5005	3	42.95	58.0	70.0	83.25	102.14999999999995	72.095	28.0
4984	5012	4	36.95	51.75	65.0	81.0	107.04999999999998	68.095	28.0
4984	5019	5	39.900000000000006	54.0	69.5	89.0	125.09999999999997	74.685	20.0
4984	5026	6	37.95	58.0	77.0	101.25	156.09999999999997	84.49	23.0
4984	5033	7	35.900000000000006	62.0	83.5	119.25	186.8999999999997	95.56	24.0
4984	5040	8	43.95	67.75	94.0	134.25	233.24999999999991	109.795	27.0
5012	5019	1	19.950000000000003	26.0	34.0	40.0	55.0	33.93	20.0
5012	5026	2	18.950000000000003	28.0	36.0	47.0	71.0	38.905	23.0
5012	5033	3	20.0	30.0	40.5	53.25	87.04999999999998	44.725	24.0
5012	5040	4	20.950000000000003	36.0	49.0	68.0	108.04999999999998	54.86	27.0
5012	5047	5	23.950000000000003	38.0	55.0	78.25	124.14999999999995	61.845	23.0
5012	5054	6	26.900000000000002	44.75	62.5	88.25	151.49999999999983	72.1	23.0
5012	5061	7	26.950000000000003	45.0	61.5	91.0	152.19999999999993	73.615	30.0
5012	5068	8	28.0	47.75	63.5	92.25	160.09999999999997	78.625	36.0
5040	5047	1	17.0	25.0	30.0	39.0	50.14999999999995	31.88	23.0
5040	5054	2	17.950000000000003	29.0	36.0	44.0	58.0	36.765	23.0
5040	5061	3	17.950000000000003	28.0	37.0	47.0	66.0	39.0	30.0
5040	5068	4	17.900000000000002	29.0	39.0	50.0	71.0	41.39	36.0
5040	5075	5	20.0	30.0	45.0	62.25	86.14999999999995	48.18	31.0
5040	5082	6	20.0	35.0	50.5	71.0	106.04999999999998	55.3	37.0
5040	5089	7	23.0	38.0	56.0	79.0	122.0	63.475	44.0
5040	5096	8	23.0	40.0	59.5	89.0	143.69999999999976	71.59	40.0
5068	5075	1	21.950000000000003	29.0	36.0	46.0	61.0	38.11	31.0
5068	5082	2	23.0	33.0	42.0	53.0	73.09999999999997	44.425	37.0
5068	5089	3	23.0	37.0	48.5	63.0	94.0	51.65	44.0
5068	5096	4	22.950000000000003	38.0	54.0	75.25	116.04999999999998	59.75	40.0
5068	5103	5	24.0	39.0	58.0	86.0	141.04999999999998	68.77	35.0
5068	5110	6	28.950000000000003	48.0	70.0	101.75	163.14999999999995	80.43	23.0
5068	5117	7	28.0	48.75	74.0	110.0	178.24999999999991	86.245	27.0
5068	5124	8	26.950000000000003	47.0	72.0	110.0	178.69999999999976	86.015	39.0
5096	5103	1	31.0	41.0	49.0	57.25	71.0	49.4	35.0
5096	5110	2	30.0	42.0	52.0	64.0	88.0	54.905	23.0
5096	5117	3	31.950000000000003	44.0	56.0	73.25	108.0	60.9	27.0
5096	5124	4	26.950000000000003	39.0	51.0	68.0	101.09999999999997	56.43	39.0
5096	5131	5	28.0	38.0	49.5	68.5	107.34999999999988	57.09	18.0
5096	5138	6	27.900000000000002	40.75	55.0	79.25	130.04999999999998	62.84	39.0
5096	5145	7	29.0	43.75	61.0	89.25	141.09999999999997	70.37	56.0
5096	5152	8	28.950000000000003	47.75	66.0	102.0	169.14999999999995	78.8	64.0
5124	5131	1	20.0	28.0	33.0	41.0	56.0	35.13	18.0
5124	5138	2	19.0	29.0	37.0	48.5	67.0	40.06	39.0
5124	5145	3	19.950000000000003	33.0	44.5	56.0	90.04999999999998	47.605	56.0
5124	5152	4	23.0	38.0	50.5	71.0	105.2999999999999	56.645	64.0
5124	5159	5	26.900000000000002	40.0	57.5	82.75	137.09999999999997	66.725	89.0
5124	5166	6	26.0	48.0	67.0	97.25	159.34999999999988	77.125	153.0
5124	5173	7	28.950000000000003	51.75	80.0	109.25	181.04999999999998	89.315	110.0
5124	5180	8	32.0	58.75	93.0	128.75	239.49999999999983	104.91	210.0
5152	5159	1	46.0	59.0	68.5	83.0	102.09999999999997	71.4	89.0
5152	5166	2	45.95	68.0	79.5	97.5	131.19999999999993	84.345	153.0
5152	5173	3	53.0	77.75	94.0	121.0	163.0	100.725	110.0
5152	5180	4	56.900000000000006	84.75	105.5	143.5	212.49999999999983	117.38	210.0
5152	5187	5	57.95	88.0	120.0	160.25	268.04999999999995	134.37	140.0
5152	5194	6	65.95	99.0	134.0	180.0	337.49999999999983	156.51	232.0
5152	5201	7	72.95	108.0	151.0	221.0	377.69999999999976	179.0	165.0
5152	5208	8	73.75	114.75	175.5	249.75	474.15	209.585	250.0
5180	5187	1	151.9	191.0	225.0	251.25	312.7499999999998	226.565	140.0
5180	5194	2	157.95	209.0	261.0	314.0	398.49999999999983	268.585	232.0
5180	5201	3	156.9	227.75	286.0	359.25	545.6499999999997	309.235	165.0
5180	5208	4	171.75	248.0	319.0	428.25	651.1999999999999	354.68	250.0
5180	5215	5	178.95	268.75	359.5	495.25	740.0	402.295	281.0
5180	5222	6	173.8	285.5	384.0	573.25	920.05	447.2	444.0
5180	5229	7	155.85	290.75	378.0	562.25	965.1499999999983	444.07	294.0
5180	5236	8	155.9	258.0	376.0	532.75	867.0999999999997	422.53	283.0
5208	5215	1	191.95	235.0	261.0	310.0	372.2499999999999	273.895	281.0
5208	5222	2	184.9	237.25	284.0	348.25	468.7499999999998	301.685	444.0
5208	5229	3	168.85	234.75	287.0	372.5	517.2499999999999	308.92	294.0
5208	5236	4	154.0	214.75	276.0	354.75	523.05	300.745	283.0
5208	5243	5	149.9	217.0	294.0	393.5	574.2999999999995	325.395	349.0
5208	5250	6	151.70000000000002	234.75	321.5	480.5	732.7499999999994	379.32	436.0
5208	5257	7	170.85	262.25	377.0	536.5	894.0999999999999	427.765	596.0
5208	5264	8	163.0	277.0	397.5	614.0	965.9999999999997	475.97	549.0
5236	5243	1	216.9	264.5	317.0	370.25	459.4499999999995	324.595	349.0
5236	5250	2	204.70000000000002	281.0	353.5	445.0	605.05	370.675	436.0
5236	5257	3	206.60000000000002	315.5	391.0	503.0	712.05	419.85	596.0
5236	5264	4	218.85	332.75	452.5	572.0	837.3	474.145	549.0
5236	5271	5	236.75	349.25	474.5	661.5	1071.0	530.99	592.0
5236	5278	6	236.95	380.0	533.0	737.5	1155.049999999999	606.215	457.0
5236	5285	7	268.75	423.5	589.5	844.25	1366.25	689.5	515.0
5236	5292	8	326.75	471.5	701.5	1004.25	1487.8999999999996	780.95	475.0
5264	5271	1	466.95	537.75	617.5	729.0	962.05	651.16	592.0
5264	5278	2	420.9	557.5	684.0	850.75	1186.1	728.165	457.0
5264	5285	3	464.7	626.25	793.0	1008.5	1411.3999999999996	847.37	515.0
5264	5292	4	473.95	662.75	852.0	1125.0	1684.1999999999998	945.135	475.0
5264	5299	5	452.6	730.5	939.5	1316.25	1957.1499999999999	1067.05	483.0
5264	5306	6	461.55	808.5	1123.0	1566.75	2326.699999999999	1236.785	537.0
5264	5313	7	497.20000000000005	837.75	1142.0	1727.75	2446.4499999999994	1313.21	568.0
5264	5320	8	478.0	839.75	1260.5	1893.5	2864.35	1449.545	508.0
5292	5299	1	362.75	449.0	523.5	613.5	791.3999999999999	542.435	483.0
5292	5306	2	372.7	470.75	569.0	691.0	897.05	597.78	537.0
5292	5313	3	394.95	494.0	607.5	778.0	1126.7999999999997	660.23	568.0
5292	5320	4	394.85	537.75	675.0	927.5	1292.3499999999985	752.82	508.0
5292	5327	5	358.95	542.25	695.0	943.5	1503.0999999999972	788.435	461.0
5292	5334	6	348.75	481.25	641.5	894.0	1318.1499999999992	719.535	318.0
5292	5341	7	292.9	432.25	564.5	837.0	1260.2499999999993	674.82	283.0
5292	5348	8	281.6	392.75	541.5	792.0	1239.6999999999994	625.21	221.0
5320	5327	1	385.45	465.0	525.0	598.25	711.0	536.72	461.0
5320	5334	2	327.85	412.0	481.0	572.75	699.0	493.32	318.0
5320	5341	3	276.9	358.0	440.5	517.25	655.5499999999998	446.495	283.0
5320	5348	4	241.8	302.0	375.5	447.5	616.0999999999999	389.95	221.0
5320	5355	5	190.95	271.5	350.5	425.5	620.05	364.94	199.0
5320	5362	6	167.65	251.0	313.0	402.0	543.0999999999999	335.455	118.0
5320	5369	7	149.85	214.75	276.0	362.0	510.94999999999936	299.455	94.0
5320	5376	8	135.0	200.0	265.0	346.75	531.6999999999998	291.195	100.0
5348	5355	1	148.85	185.0	210.0	239.25	291.54999999999984	214.18	199.0
5348	5362	2	127.85000000000001	156.75	191.0	212.25	279.09999999999997	191.07	118.0
5348	5369	3	103.0	136.0	170.0	203.75	265.04999999999995	174.44	94.0
5348	5376	4	99.95	134.75	164.5	199.25	272.3499999999999	175.095	100.0
5348	5383	5	90.0	138.75	182.0	226.0	362.04999999999995	191.355	120.0
5348	5390	6	101.9	152.0	205.0	273.0	424.15	223.725	122.0
5348	5397	7	103.95	169.0	223.0	308.5	589.05	260.985	164.0
5348	5404	8	113.85000000000001	186.75	250.0	396.5	659.9999999999997	313.205	198.0
5376	5383	1	70.95	91.0	104.0	125.0	155.2999999999999	109.235	120.0
5376	5390	2	71.95	99.0	122.0	144.75	208.09999999999997	127.735	122.0
5376	5397	3	77.0	110.0	144.5	190.0	259.39999999999986	153.71	164.0
5376	5404	4	85.85000000000001	130.0	165.5	213.75	322.2499999999999	182.9	198.0
5376	5411	5	94.95	145.0	189.0	256.25	425.7999999999997	218.465	243.0
5376	5418	6	103.75	167.0	232.0	331.25	494.54999999999984	263.52	300.0
5376	5425	7	107.85000000000001	189.5	261.5	357.25	587.1999999999992	292.63	307.0
5376	5432	8	113.9	192.5	279.0	406.0	669.1999999999996	323.155	326.0
5404	5411	1	155.95	193.75	224.0	254.25	317.54999999999984	228.77	243.0
5404	5418	2	162.8	204.75	253.5	310.5	445.0	268.335	300.0
5404	5425	3	153.95	210.0	264.0	363.25	493.09999999999997	289.755	307.0
5404	5432	4	160.55	221.0	293.0	387.0	584.5999999999998	318.49	326.0
5404	5439	5	158.9	244.75	323.5	453.25	664.15	366.555	387.0
5404	5446	6	163.4	277.5	371.5	534.0	823.0999999999999	422.855	398.0
5404	5453	7	190.9	305.0	433.5	592.5	989.0499999999989	489.525	561.0
5404	5460	8	181.25000000000003	355.0	487.0	726.0	1137.6999999999994	560.73	633.0
