t	pop	S_q05	S_q25	S_q50	S_q75	S_q95	S_mean	E_q05	E_q25	E_q50	E_q75	E_q95	E_mean	I_q05	I_q25	I_q50	I_q75	I_q95	I_mean
728	2849743.110882952	177492.9	178761.5	178988.0	180158.0	181490.0	179229.447	132.95	178.0	215.0	269.0	369.04999999999995	228.167	150.0	180.0	204.0	230.0	274.04999999999995	206.8795
756	2888676.3347022184	178292.95	178875.25	180039.0	180920.75	181702.15	179974.8145	233.95	315.0	399.0	507.0	716.1499999999999	428.347	253.95	296.0	333.0	373.0	438.0	337.2575
784	2927609.558521569	175176.9	176075.5	176622.0	177090.0	177841.05	176564.389	915.0	1174.0	1466.0	1844.5	2629.3499999999995	1565.654	993.95	1122.0	1229.5	1350.25	1566.1499999999999	1245.0315
812	2966542.7823408665	170314.0	171972.0	172765.0	173553.0	174678.6	172681.903	1270.55	1729.75	2106.0	2628.0	3719.8499999999985	2266.941	1457.0	1635.0	1789.0	1964.25	2298.1	1819.734
840	3005476.006160133	164916.65	166447.0	167493.5	168343.25	170029.35	167424.9365	1766.9	2166.75	2525.5	3003.5	3868.0	2637.2225	2303.9	2548.0	2777.5	3024.0	3460.05	2811.7145
868	3044409.229979456	157804.9	159854.0	161165.0	162175.5	163731.0	160982.0005	1712.9	2226.75	2806.0	3498.0	4984.0	2984.4095	2170.95	2418.0	2638.5	2907.0	3380.05	2691.873
896	3083342.453798781	150580.0	152856.0	154156.0	155218.0	156618.05	153945.5305	2242.0	2937.75	3581.5	4343.25	6021.0	3764.5705	2689.0	3031.0	3281.5	3591.0	4132.349999999999	3332.671
924	3112297.0564660537	150903.95	152446.0	153392.0	154329.0	155549.8	153353.279	1201.0	1618.0	2003.5	2523.0	3410.1499999999996	2132.716	1682.0	1877.0	2046.0	2255.0	2604.1499999999996	2081.982
952	3123131.937029424	151612.9	152936.75	153675.0	154450.0	155933.25	153705.0585	470.95	607.0	716.5	851.0	1106.2499999999998	745.755	795.0	883.75	955.0	1034.25	1162.0	964.0005
980	3133539.2744695474	153015.6	154517.5	155491.0	156423.0	156703.0	155325.2195	124.0	167.0	205.0	251.0	342.04999999999995	215.386	243.0	271.0	296.0	324.0	370.0	299.5905
1008	3143946.6119096475	175052.8	177363.75	178190.0	178969.25	180491.0	178182.278	183.0	259.0	324.0	412.0	584.0	345.4485	202.0	241.0	272.0	308.0	365.04999999999995	276.031
1036	3154353.949349748	177995.7	178662.75	179384.0	180278.25	180724.0	179402.3195	234.0	301.0	366.0	447.25	596.0	385.1365	284.0	328.75	363.0	403.0	476.04999999999995	369.1035
1064	3164761.2867898764	177410.95	178044.0	178558.0	179244.25	180027.0	178645.1435	501.0	653.0	828.0	1022.5	1434.1999999999998	870.7995	555.0	633.75	692.0	770.0	894.05	705.834
1092	3175168.6242299783	176123.85	177022.0	177656.5	178993.75	179898.45	177887.181	434.95	550.0	666.0	817.25	1083.1999999999998	701.064	569.0	651.0	708.0	786.0	920.0	721.9395
1120	3185575.9616700783	174007.0	175115.5	175753.0	176240.0	177082.2	175660.915	943.85	1219.75	1500.0	1849.0	2516.0	1582.1055	1021.9	1165.0	1275.0	1413.0	1607.05	1292.199
1148	3195983.2991102	168605.0	170261.0	171385.0	172294.25	173341.15	171228.6705	1355.95	1817.0	2228.0	2841.0	3913.2	2399.235	1604.0	1814.0	1980.0	2181.25	2507.1499999999996	2009.4455
1176	3206390.6365503096	167829.0	169141.0	170063.0	171158.5	172752.2	170155.0675	1015.0	1341.0	1679.0	2088.0	2884.1	1778.4835	1268.9	1440.0	1573.0	1730.0	1991.0	1596.482
1204	3216797.9739904096	166598.1	167841.0	168648.0	169472.0	170509.65	168632.231	869.0	1068.75	1271.0	1510.0	1995.1499999999999	1321.254	1197.95	1351.75	1461.0	1592.0	1811.0	1480.1945
1232	3227205.3114305236	163502.2	164768.75	165683.5	166754.0	167975.5	165743.1075	1140.0	1515.0	1819.0	2222.0	3100.0	1934.9275	1297.85	1470.0	1610.0	1776.0	2029.0	1633.172
1260	3237612.6488706404	159522.0	160983.0	162147.0	163192.0	164575.0	162072.1985	1116.0	1457.75	1803.0	2210.0	3100.2999999999997	1905.33	1423.0	1601.0	1728.0	1911.0	2193.05	1764.271
1288	3247042.464374907	159332.8	160590.75	161314.5	162089.0	163013.0	161284.3085	959.95	1259.75	1561.0	1974.0	2777.25	1670.3115	1226.95	1378.75	1515.0	1659.0	1921.05	1534.521
1316	3254306.947296366	160606.35	161825.25	162495.5	163130.25	164184.0	162455.88	435.0	542.0	645.5	781.0	1052.05	679.4115	713.0	790.75	856.0	929.0	1049.0	865.9985
1344	3261520.6365503124	162568.8	162868.0	163496.0	163978.0	164542.0	163454.918	99.0	131.0	159.0	188.0	260.0	165.9415	196.0	222.0	239.0	264.0	300.0	242.82
1372	3268734.3258042415	186990.95	187337.0	187453.0	187524.25	187735.0	187411.1205	65.0	96.0	125.0	163.0	236.04999999999995	135.0015	81.0	99.0	113.5	130.0	162.0	116.563
1400	3275948.0150581705	187298.0	187484.0	187611.0	189181.25	190278.2	188254.9495	124.95	167.0	211.0	263.0	347.04999999999995	222.005	144.0	171.75	195.0	222.0	264.0	198.348
1428	3283161.7043121187	187837.8	188301.75	188712.5	188993.0	191828.05	188925.5255	267.0	362.75	452.0	568.0	818.0	483.987	302.0	349.0	391.0	437.0	513.0	396.083
1456	3290375.39356605	189418.85	189728.75	189909.5	190068.0	190546.15	189952.198	211.0	296.0	371.0	459.0	640.05	391.0425	297.0	347.0	387.0	429.0	512.0	393.08
1484	3297589.082819979	186483.6	187105.0	187443.0	187784.0	189959.65	187590.407	616.0	828.0	1014.0	1278.0	1733.2499999999998	1079.2655	688.95	778.0	852.0	942.25	1086.0	867.7425
1512	3304802.772073922	180199.0	181765.0	182629.0	183383.0	184301.05	182483.7975	1702.0	2275.0	2796.0	3426.25	4561.0	2924.8575	1885.0	2141.75	2327.0	2560.0	2957.05	2364.4355
1540	3312016.4613278587	165651.65	168960.0	170863.0	172473.0	174243.0	170511.1085	3786.85	4862.0	5835.5	7128.0	9476.0	6165.2885	4168.7	4649.5	5022.5	5489.0	6271.0	5110.41
1568	3319230.150581788	160374.5	162614.0	164167.5	165476.0	167088.0	163965.5	2674.0	3201.0	3747.0	4453.0	5835.4	3921.979	3679.0	4103.5	4456.0	4846.5	5481.65	4499.5815
1596	3326443.8398357257	156320.7	158827.25	160164.0	161343.25	162827.55	159981.1755	1998.65	2600.75	3238.0	4097.0	5656.749999999998	3473.6415	2488.55	2779.0	3038.0	3324.0	3917.2999999999997	3090.0625
1624	3333657.5290896674	150028.85	152281.75	153744.0	155238.75	156974.15	153699.075	2037.85	2666.0	3323.0	3995.0	5638.0	3500.7055	2537.85	2855.0	3098.0	3376.5	3880.0	3139.827
1652	3339710.1386915357	149789.65	151279.75	152296.0	153192.25	154544.0	152210.3435	1043.0	1436.0	1765.5	2223.25	2916.5999999999995	1866.182	1477.0	1701.0	1854.5	2029.0	2339.0	1873.117
1680	3342572.7002053363	149863.0	150983.75	151898.5	152681.0	153834.1	151853.693	575.0	720.75	845.5	1003.25	1308.1499999999999	883.605	966.0	1075.0	1155.0	1248.0	1402.1	1166.368
1708	3345360.8179329247	149933.0	151067.75	151598.5	152583.0	153412.65	151713.1355	156.0	202.0	239.0	289.0	389.04999999999995	252.5515	289.0	332.0	358.0	387.0	435.04999999999995	360.228
1736	3348148.935660506	177790.0	179006.0	179488.0	180050.0	180904.15	179485.0205	194.95	263.75	326.0	411.0	597.1499999999999	350.106	222.0	257.0	286.0	322.0	380.0	292.12
1764	3350937.053388087	176209.0	178489.0	180694.0	182471.0	183419.0	180334.1735	253.0	330.0	399.0	508.0	697.0	429.4605	268.0	310.0	346.0	391.0	462.0	352.5505
1792	3353725.1711156755	177338.9	178580.0	179318.0	180289.75	181016.15	179320.182	267.0	363.0	449.0	565.0	822.0	480.8845	308.95	358.0	399.0	445.0	526.0	406.1075
1820	3356513.2888432583	176983.0	178513.0	179549.0	180211.0	183186.0	179465.2245	237.0	323.0	409.0	520.0	728.0	439.6335	330.0	392.0	428.0	473.0	559.0	435.0705
1848	3359301.406570839	175395.0	177116.0	177630.0	178075.75	178567.3	177424.6785	765.0	1002.0	1255.0	1558.0	2114.0	1318.2605	834.95	977.0	1068.5	1180.0	1353.0	1080.1705
1876	3362089.5242984258	168928.45	170655.5	171790.0	172884.75	174699.0	171765.6365	1705.0	2248.0	2709.5	3298.0	4655.0	2871.8905	2031.0	2253.75	2443.0	2662.0	3014.5499999999993	2477.3175
1904	3364877.6420260104	157454.2	159780.0	161073.0	162192.0	163730.45	160905.4635	2506.7	3277.75	3965.0	4913.0	6599.0	4185.3705	2980.0	3341.75	3629.5	3980.75	4427.0	3671.529
1932	3367665.7597535914	147762.85	150391.5	151922.0	153441.0	155389.25	151813.692	2970.65	3723.75	4389.0	5214.0	6938.799999999998	4584.621	4095.0	4511.0	4889.0	5318.25	6022.349999999999	4953.3485
1960	3370453.8774811756	143036.8	145234.0	146605.0	147705.0	149440.55	146422.386	1943.0	2573.0	3183.0	3965.75	5397.05	3377.7475	2740.95	3024.0	3296.0	3590.0	4131.2	3341.3075
1988	3373241.9952087626	140431.95	142225.75	143408.0	144540.0	146276.0	143388.843	1499.0	1985.0	2436.0	3039.25	4139.4	2600.8025	2142.0	2402.0	2594.0	2849.25	3235.05	2640.326
2016	3375657.7012805208	141204.55	142519.0	143585.5	144335.0	145845.0	143480.488	992.0	1304.0	1593.0	1998.0	2795.0	1697.355	1388.95	1550.0	1688.0	1860.0	2108.05	1715.0705
2044	3376772.652292949	139004.85	140499.0	141507.0	142825.0	144324.55	141589.774	349.0	435.0	524.0	625.0	811.05	544.0875	622.0	688.0	745.0	809.0	916.05	754.5495
2072	3377857.388774813	144080.95	145435.0	146135.0	146936.0	147956.0	146121.7365	113.0	149.0	180.0	222.0	288.0	189.0775	219.0	246.0	270.0	294.0	336.0	272.147
2100	3378942.1252566734	172521.75	173957.0	174554.0	175507.0	176806.45	174701.0095	80.0	112.0	143.5	184.0	268.0	154.139	97.0	117.0	134.0	152.0	183.04999999999995	135.7725
2128	3380026.861738534	174041.0	174688.0	175639.0	176396.0	177679.0	175661.067	129.0	168.0	208.0	263.0	358.0	222.283	131.0	155.0	176.0	202.0	238.0	180.04
2156	3381111.5982203977	175192.9	175788.0	176397.5	177022.5	178973.7	176584.99	51.0	75.0	100.0	128.0	183.0	105.4545	61.0	76.0	88.5	102.0	125.0	90.0595
2184	3382196.334702259	176931.0	178146.0	178939.0	179612.5	180020.0	178787.549	68.0	94.0	122.0	153.0	212.04999999999995	128.546	74.0	91.0	105.0	119.25	146.0	106.236
2212	3383281.0711841197	174873.0	175200.5	175425.0	177492.0	178346.2	176194.143	77.0	106.0	134.0	170.0	244.0	144.163	92.0	109.0	123.0	138.0	169.0	125.0695
2240	3384365.8076659823	178174.0	179707.0	180291.0	181056.0	181754.0	180132.296	142.0	195.0	239.5	301.0	404.0	253.004	141.0	167.0	191.0	222.0	254.0	195.13
2268	3385450.5441478444	178644.85	179136.75	179811.0	181299.25	182487.15	180202.3625	114.0	157.0	198.0	253.0	358.0	212.3045	135.0	162.0	185.0	208.0	248.04999999999995	187.0535
2296	3386535.280629705	182844.0	183593.0	184344.0	184704.0	185998.0	184190.448	351.0	434.75	539.0	649.0	933.0	567.7515	374.0	433.0	484.0	552.0	638.0	492.6705
2324	3387620.017111567	177825.0	178398.0	179254.0	182187.0	184001.0	180189.141	599.0	779.0	949.0	1172.0	1569.0	993.352	602.0	684.0	763.0	838.0	943.0	765.7795
2352	3388704.7535934304	173301.0	174616.0	175588.5	176318.25	177260.1	175437.288	1297.0	1729.0	2129.0	2596.0	3533.3499999999995	2226.7215	1482.0	1666.0	1824.0	1992.0	2275.0	1843.9245
2380	3389175.7985726073	173524.6	175046.5	176160.5	177473.25	178862.35	176191.771	1322.6	1762.75	2170.5	2714.0	3733.1499999999996	2306.269	1620.0	1824.0	1982.0	2176.0	2516.2999999999997	2016.1145
2408	3386817.2689938424	171375.0	172624.5	173240.0	173796.0	175185.0	173254.7975	1008.0	1216.0	1421.0	1682.5	2123.05	1483.5435	1455.95	1609.25	1723.5	1870.0	2097.0	1743.7425
2436	3384393.2854209426	174562.45	175385.0	176657.0	178115.0	178971.0	176666.6095	287.95	386.0	466.0	566.0	760.0	486.75	532.0	602.0	656.0	712.0	794.0	659.165
2464	3381969.3018480497	211610.95	214208.0	215413.0	216235.25	216904.0	215028.12	522.0	692.0	853.5	1073.25	1552.0	920.2045	543.85	622.75	691.0	771.0	903.0	703.1545
2492	3379545.3182751564	208630.95	209866.0	210638.0	211557.0	214652.0	210948.992	1121.0	1521.0	1840.0	2281.0	3157.0	1958.283	1171.0	1324.0	1457.0	1607.0	1848.05	1474.5495
2520	3377121.334702258	201566.6	203675.75	205472.5	207497.0	209375.0	205505.586	1972.9	2583.0	3166.0	3922.0	5463.0	3362.9475	2126.0	2384.0	2608.0	2868.25	3291.05	2647.81
2548	3374697.3511293633	187614.95	191220.75	193290.5	195141.0	197142.0	192956.661	3391.0	4436.0	5503.0	6972.0	9664.299999999996	5894.4375	3977.9	4453.0	4894.5	5384.0	6200.4	4961.3745
2576	3372273.36755647	172999.65	177334.0	180039.0	182258.0	184847.35	179610.9365	4162.0	5591.0	7045.5	8856.0	12122.549999999994	7459.747	5455.95	6086.0	6629.0	7263.75	8307.599999999999	6740.5365
2604	3369849.3839835734	148254.25	153848.5	157305.0	160244.0	163478.65	156801.7945	6560.6	8543.0	10201.0	12323.25	16397.499999999996	10681.8845	7795.95	8743.0	9455.0	10361.0	11700.8	9573.7005
2632	3367425.400410677	128978.0	134228.25	137601.0	140461.0	144551.4	137254.292	5811.75	7496.75	9025.5	11187.5	14730.0	9532.9545	7776.95	8761.0	9451.0	10256.25	11649.449999999999	9567.7985
2660	3365001.4168377835	130440.2	133949.5	136341.0	138618.0	141614.3	136194.9585	2613.0	3410.0	4154.0	5068.0	6825.15	4352.0145	4092.7	4628.0	5076.0	5566.0	6325.25	5129.0715
2688	3362577.4332648884	129785.1	132865.25	134782.0	136403.5	138701.0	134506.694	1487.0	1951.0	2388.0	2985.5	4073.949999999999	2545.232	2049.0	2289.0	2495.0	2726.25	3128.5999999999995	2526.164
2716	3360153.4496919904	128140.0	129854.0	131200.5	132504.0	135118.0	131305.8175	706.0	955.75	1192.5	1487.25	2050.2	1258.514	1118.0	1255.0	1377.0	1498.0	1718.05	1385.85
2744	3358097.7212451883	130006.0	131985.5	133649.0	134830.0	136744.3	133498.5705	379.0	504.0	621.0	774.5	1130.1	668.2545	557.0	626.0	683.0	746.0	864.0	692.7775
2772	3358426.0780287473	131137.9	134056.5	135927.5	137802.0	138813.45	135762.3065	123.0	157.0	187.0	225.0	286.04999999999995	194.7315	221.0	251.0	275.0	302.0	341.0	277.357
2800	3358809.377138946	133575.0	135812.0	136440.0	139539.0	143733.0	137816.704	74.0	96.0	117.0	143.0	188.0	121.729	113.0	131.0	147.0	166.0	194.0	150.525
2828	3359192.676249144	177141.0	179900.0	182502.0	183298.0	184280.1	181502.5	50.0	66.0	87.0	122.0	170.0	96.5255	59.0	75.75	88.0	100.0	120.0	87.779
2856	3359575.9753593425	172601.0	175957.0	178248.5	179579.0	180940.1	177749.7915	131.0	173.0	215.0	272.0	397.0	229.855	144.0	167.0	184.0	205.0	240.0	187.339
2884	3359959.274469542	178756.6	181656.0	182054.0	183752.0	186486.54999999996	182444.281	62.0	84.0	109.0	149.0	225.0	122.5355	76.0	98.0	114.0	131.0	156.04999999999995	113.7055
2912	3360342.57357974	176201.95	180913.0	182135.0	184751.0	188322.1	182418.3085	53.0	78.0	101.0	132.0	188.04999999999995	108.963	58.0	73.0	86.0	100.0	123.0	87.5495
2940	3360725.872689938	180218.0	180415.0	185899.0	186912.0	188235.2	184928.0225	78.0	109.0	136.0	177.0	273.04999999999995	149.689	83.0	101.0	118.0	137.0	164.0	120.0745
2968	3361109.171800137	187462.0	189065.25	190695.5	191094.0	192594.0	190248.436	216.0	298.0	380.0	456.0	661.05	397.637	220.0	259.0	293.0	328.25	414.0	299.2195
2996	3361492.4709103354	182090.85	183204.75	184006.0	184563.25	185078.0	183878.9455	589.0	775.0	936.0	1172.25	1598.1999999999998	1000.8685	631.0	713.0	783.0	859.0	997.05	793.095
3024	3361875.770020534	182909.0	185803.0	187308.0	189751.0	191127.25	187357.62	449.0	606.75	750.0	953.0	1346.1	806.094	557.95	630.75	694.0	767.0	902.0	706.7795
3052	3362259.069130732	181459.0	184888.0	185264.0	185554.0	185980.0	185021.4235	450.0	635.5	794.0	993.25	1392.1	844.782	564.9	651.0	713.0	795.0	927.05	727.499
3080	3362642.368240931	179448.0	181007.0	184424.0	185944.0	186828.1	183515.6455	1246.9	1622.0	1974.0	2479.25	3367.0	2110.008	1391.95	1567.0	1720.0	1900.0	2188.1	1744.5885
3108	3362858.0653458084	173367.15	178526.5	180470.5	181610.0	184139.5	179803.522	1284.0	1691.0	2117.0	2661.0	3607.2	2233.832	1601.0	1809.0	1981.0	2163.0	2459.1	2001.064
3136	3361364.1341546904	170558.0	173406.0	174573.0	175633.0	177082.4	174341.741	1559.0	1902.75	2163.0	2548.75	3246.8499999999995	2262.214	2140.95	2381.0	2567.0	2765.0	3086.0	2580.313
3164	3359830.937713894	171535.0	172652.0	173461.0	174367.0	175648.15	173522.1855	590.95	751.0	908.0	1089.0	1430.05	944.4625	1068.0	1189.5	1277.0	1386.0	1558.0	1291.714
3192	3358297.741273101	205138.0	206101.0	206729.0	207283.0	209011.05	206791.6345	819.0	1103.0	1366.0	1690.5	2407.45	1452.3915	846.0	975.0	1075.0	1189.0	1387.0	1089.8505
3220	3356764.5448323083	199203.0	202190.75	204833.0	208479.0	210467.0	205122.288	2677.65	3439.75	4176.5	5195.0	7081.2	4440.3345	2806.95	3147.0	3439.0	3762.5	4348.45	3491.0015
3248	3355231.348391513	192131.75	195077.0	196882.0	198628.0	200949.8	196761.1285	2416.0	3228.0	4016.0	4995.0	7129.799999999998	4297.732	2873.9	3233.0	3562.0	3891.0	4516.25	3605.061
3276	3353698.1519507184	176178.5	179745.25	181914.0	184315.0	187647.0	181959.633	3895.0	4998.75	6219.0	7512.25	10402.949999999999	6492.2545	4411.85	4909.0	5342.0	5846.0	6782.05	5414.2065
3304	3352164.9555099257	164075.65	168251.0	171061.5	173677.0	177290.1	170888.3405	3350.0	4445.75	5491.0	6822.25	9532.599999999995	5829.474	4479.9	4963.75	5371.0	5862.5	6759.25	5468.747
3332	3350631.759069131	157885.75	161017.5	162973.0	164912.25	168049.0	162941.8325	3102.95	4021.0	4912.5	5943.0	8209.3	5160.453	3844.0	4302.0	4695.0	5129.25	5889.15	4755.023
3360	3349098.5626283363	148137.8	151878.25	154162.5	156203.75	158994.0	153936.3935	2583.85	3371.0	4203.0	5163.25	7249.999999999999	4429.94	3538.85	3916.0	4277.0	4690.5	5354.25	4331.385
3388	3347565.3661875436	149894.0	152270.75	153681.0	154890.5	156668.55	153519.9635	1854.75	2500.75	3056.0	3828.0	5245.4	3246.262	2477.0	2783.0	3032.0	3311.5	3808.05	3072.9605
3416	3346032.16974675	150341.0	152089.0	153580.0	155389.75	157478.0	153727.0045	639.0	888.0	1089.0	1375.0	1978.0	1168.473	940.95	1085.0	1176.0	1278.25	1468.0	1186.9435
3444	3344498.973305954	150434.9	152263.25	154080.5	155586.25	156991.1	153862.248	551.75	724.0	912.0	1131.0	1560.0	964.1695	707.0	799.0	878.0	968.25	1112.0	891.1475
3472	3342962.4248250546	150394.7	151251.0	151850.0	152829.0	153987.0	152120.3455	281.0	364.0	457.0	567.25	806.1499999999999	487.024	385.0	442.0	493.0	544.25	628.05	496.548
3500	3341354.1426858786	151947.85	153695.5	154377.0	157016.25	157159.1	154976.3125	105.0	139.0	172.0	205.25	265.0	176.12	169.0	198.0	219.0	244.0	285.04999999999995	221.843
3528	3339744.353182751	160492.0	161315.0	162066.0	163442.0	163515.0	162199.3955	35.0	46.0	56.0	70.0	95.04999999999995	59.828	62.0	71.0	80.0	91.0	106.0	81.6915
3556	3338134.496919918	189547.9	189684.0	189791.5	192481.25	192711.0	190730.525	27.0	40.0	54.0	73.0	106.0	58.889	31.0	40.0	48.0	57.0	71.0	48.9895
3584	3336524.640657086	194328.0	194795.0	194893.5	195294.0	197004.25	195263.6715	36.0	54.0	69.0	90.0	136.0	74.777	35.0	46.0	56.0	65.0	83.0	56.754
3612	3334914.7843942507	192302.85	192627.75	193238.5	194233.0	194872.2	193404.9295	38.0	54.0	72.0	95.0	136.04999999999995	78.2615	43.0	53.0	63.0	74.0	92.0	64.504
3640	3333304.928131417	192953.95	193074.0	196139.0	197761.5	198206.0	195672.0725	27.0	42.0	56.0	76.0	112.0	61.3435	29.0	40.0	48.0	58.0	73.0	49.5965
3668	3331695.0718685845	191041.0	191186.0	191275.0	191491.0	191742.0	191578.6315	24.0	37.0	47.0	64.0	95.0	53.0465	25.0	33.0	40.0	48.0	60.0	40.877
3696	3330085.21560575	198782.0	200055.5	202603.0	202654.0	202709.05	201689.8285	38.0	53.75	71.0	93.0	136.0	76.5005	37.0	48.0	57.0	68.0	84.0	58.5355
3724	3328475.3593429155	196716.95	196862.0	197006.5	199933.25	201860.6	198246.816	84.0	122.0	157.0	200.0	285.0	166.8125	89.0	112.0	127.0	146.0	176.0	129.159
3752	3326865.503080083	195700.0	195943.0	197221.0	197524.25	200355.2	197422.3175	147.0	196.0	249.0	317.0	437.0	265.817	147.0	174.0	198.0	223.25	269.0	200.564
3780	3325255.6468172497	196573.9	198401.75	198588.5	198724.25	198896.0	198348.065	140.0	202.0	256.5	321.0	475.14999999999986	274.9615	170.0	198.0	225.0	252.0	303.0	228.5015
3808	3323645.790554414	193577.0	193830.0	194200.0	194485.25	201869.05	195558.8915	134.0	184.0	236.0	309.0	452.0	256.1885	149.0	176.0	198.0	225.0	273.0	202.512
3836	3322035.9342915816	206419.95	206769.0	207065.5	207584.0	209589.05	207376.7625	204.0	280.0	361.0	466.0	674.0	388.828	227.0	264.0	299.0	337.0	400.04999999999995	303.6365
3864	3319975.5638384465	202546.9	202859.75	203076.0	203382.0	205274.1	203280.1515	267.0	338.75	399.5	484.25	646.05	422.3675	379.0	424.0	461.5	509.0	583.05	469.7515
3892	3317906.5708418884	202422.95	203643.0	204101.5	204278.25	204531.0	203951.828	124.0	163.0	200.0	249.0	336.04999999999995	211.07	193.9	223.0	249.0	275.0	318.0	250.727
3920	3315836.7556468174	235274.0	236218.75	236701.0	238510.0	238979.05	237100.9685	185.0	262.0	332.5	431.0	627.05	361.6595	192.0	227.75	255.5	292.0	351.0	262.4695
3948	3313766.9404517473	230975.9	231866.0	232361.0	232658.0	233062.05	232230.966	493.0	667.0	833.5	1085.0	1554.1999999999998	914.1725	522.0	595.0	657.0	738.0	874.0	675.1095
3976	3311697.1252566734	226686.65	227645.0	229399.5	232676.5	233764.25	229986.747	568.0	792.75	1013.0	1309.0	1927.3499999999997	1107.219	642.95	747.0	822.5	919.0	1083.05	839.3925
4004	3309627.310061601	222662.0	224278.0	225035.5	225736.75	233586.3	225649.2895	1296.95	1759.0	2204.5	2744.0	3911.3999999999996	2340.8	1394.95	1581.75	1743.5	1915.25	2230.1499999999996	1766.4935
4032	3307557.494866531	217703.95	219788.25	220971.0	222087.25	223758.1	220874.0525	1639.5	2225.0	2817.0	3622.5	5254.0	3069.3905	2149.85	2395.0	2589.0	2840.25	3236.05	2633.1005
4060	3305487.679671459	200086.0	204744.0	207700.0	211249.25	214917.15	207790.5965	4879.95	6331.75	7963.0	9747.0	13604.0	8338.236	4862.8	5507.0	5990.0	6659.0	7417.0	6078.8375
4088	3303417.864476385	174291.95	180497.5	184190.0	187817.0	192497.0	183952.603	5834.0	7730.75	9529.0	11736.0	16351.0	10042.9765	7235.0	8238.0	9017.0	9847.0	11275.4	9093.5855
4116	3301348.049281315	150074.25	155957.0	159772.0	163585.25	168045.0	159509.028	6366.0	8410.0	10419.0	12983.25	17282.0	10981.588	8453.0	9562.25	10442.0	11284.25	12838.449999999999	10509.1715
4144	3299278.2340862444	153664.6	157405.0	160131.5	162628.0	165393.0	159965.749	2024.0	2970.0	3754.0	4827.75	6917.199999999999	4046.3305	3527.0	3904.0	4326.0	4692.0	5440.349999999999	4361.217
4172	3297208.418891169	149015.5	151442.0	153442.0	163464.0	166939.15	156730.884	1467.8	1943.75	2478.5	3062.75	4253.5	2597.2205	1988.0	2258.0	2470.0	2709.25	3070.05	2496.5695
4200	3295138.603696099	154359.0	155943.0	159109.0	160283.0	162465.0	158334.7395	654.0	859.0	1129.0	1428.0	2009.4999999999995	1197.5905	963.0	1119.0	1216.0	1350.0	1581.0	1245.695
4228	3293427.456792416	157673.85	158040.0	163659.0	163870.0	164083.0	161847.977	263.95	333.0	397.0	473.0	630.0	414.166	429.95	493.0	531.0	575.0	652.0	535.893
4256	3291739.904175222	153172.95	153408.0	156879.5	157408.0	157655.1	155762.321	97.95	127.0	155.0	186.0	251.0	161.184	167.0	192.0	211.0	231.0	266.0	212.708
4284	3290053.3880903493	188318.0	188796.0	191177.0	191458.0	192314.05	190246.6575	44.0	68.0	89.0	119.0	178.04999999999995	97.401	59.0	74.0	85.0	98.0	121.0	86.7045
4312	3288366.8720054775	196480.85	196684.0	196829.0	199593.0	199759.05	197930.172	74.0	106.0	135.0	180.0	257.04999999999995	148.652	82.0	102.0	116.5	134.0	164.0	119.0355
4340	3286680.3559206026	198836.9	199008.75	200059.0	200871.0	202083.0	200138.6035	63.0	92.0	120.0	161.0	228.0	130.7035	71.95	89.0	102.0	119.0	143.0	104.67
4368	3284993.8398357285	197408.0	199532.5	199636.0	199752.5	200547.0	199605.1375	37.0	54.0	71.0	92.0	130.04999999999995	76.503	42.0	53.0	62.0	73.0	92.0	64.097
4396	3283307.323750857	193115.9	194008.0	194296.0	194698.5	195589.0	194374.949	43.0	62.0	79.0	105.0	156.0	86.882	49.0	62.0	71.0	82.0	101.0	72.745
4424	3281620.807665983	196988.2	200177.0	200341.0	200474.25	200597.0	199782.7925	105.0	146.0	179.0	242.0	330.0	197.16	101.0	123.0	140.0	158.0	187.0	142.103
4452	3279934.291581108	194583.0	194799.0	194933.0	197054.25	198429.0	195673.496	134.0	182.75	225.0	295.0	438.04999999999995	246.5475	150.0	175.0	197.0	222.0	268.0	200.9345
4480	3278247.7754962365	194741.9	195052.5	197584.5	198585.25	200237.7	197212.5085	167.95	228.0	284.0	359.25	518.0	307.4735	183.0	215.0	243.0	273.0	322.04999999999995	246.4785
4508	3276561.2594113643	193318.0	193591.0	194738.5	197735.0	198180.2	195769.5045	176.0	248.0	314.0	402.0	584.0999999999999	339.5545	205.0	241.0	267.5	301.0	360.04999999999995	273.815
4536	3274874.7433264875	193399.8	198988.0	200992.0	201769.25	202357.0	199662.547	732.0	980.0	1211.0	1502.0	2114.05	1296.799	766.95	879.0	971.0	1073.0	1255.0	987.419
4564	3273188.2272416158	194067.85	195017.25	196199.5	200791.0	201517.0	197768.164	822.0	1102.5	1382.0	1751.5	2538.05	1488.5915	895.0	1025.75	1125.0	1244.0	1464.05	1145.922
4592	3271698.6502170763	197604.0	198172.0	198574.0	199188.25	202500.0	199201.628	634.9	816.0	967.0	1163.25	1539.0	1008.2125	823.95	938.0	1033.0	1117.0	1288.0	1037.5175
4620	3270232.114989733	199348.55	201380.5	201746.5	202060.0	203886.4	201613.1945	291.0	374.0	454.0	548.0	726.0	473.711	450.0	504.0	552.0	601.0	686.0	557.0075
4648	3268766.3791923337	229426.6	229779.0	230017.0	230234.0	230464.0	229994.3975	164.0	251.0	325.0	424.0	623.0999999999999	353.708	212.0	249.75	283.0	316.0	379.0	286.467
4676	3267300.6433949363	225547.0	226194.0	226560.0	229294.75	234033.05	227808.5655	460.95	621.0	785.0	997.0	1418.0	845.049	472.0	545.0	602.0	672.0	788.05	613.5975
4704	3265834.907597536	223047.9	226367.0	227126.0	227695.5	228555.1	226648.284	511.9	683.0	868.5	1116.5	1626.1499999999999	939.295	561.95	642.0	712.5	792.0	940.1999999999998	725.037
4732	3264369.1718001366	220046.5	221355.0	222685.0	223959.0	225040.1	222675.873	939.0	1299.75	1603.0	2009.0	2839.6499999999996	1712.78	1037.95	1169.5	1292.0	1431.25	1651.05	1311.1935
4760	3262903.436002739	214156.65	216241.75	217435.5	221138.0	222993.05	218284.2405	1351.0	1797.75	2224.0	2792.75	4385.05	2431.747	1654.0	1845.0	2023.0	2229.0	2631.0	2063.082
4788	3261437.70020534	204098.0	207321.0	208812.0	210174.0	211882.0	208585.1835	3419.0	4420.0	5302.5	6535.0	8932.0	5642.256	3413.95	3833.5	4143.5	4513.0	5237.2	4206.1035
4816	3259971.964407939	185790.55	190861.0	193661.0	195734.5	198294.3	192984.3845	4995.0	6544.0	7979.5	9838.0	13938.299999999994	8563.3365	5628.5	6255.0	6835.0	7484.5	8739.35	6953.335
4844	3258506.228610541	175592.6	179854.0	182347.0	184526.0	187372.0	182006.314	4125.45	5514.0	6753.5	8328.75	11699.0	7181.23	4987.0	5569.0	6060.0	6579.0	7590.0999999999985	6131.4855
4872	3257040.4928131434	171400.5	174781.75	176913.5	178694.25	181043.5	176620.682	2934.0	3968.0	5031.0	6339.25	8976.0	5353.2025	3971.0	4439.75	4823.0	5247.75	5979.05	4883.4125
4900	3255574.757015742	168599.15	171237.0	173080.0	175431.0	178908.0	173390.586	1858.65	2373.0	2941.0	3724.0	5393.949999999999	3188.863	2331.0	2634.0	2860.0	3133.0	3625.25	2903.541
4928	3254109.0212183436	169727.0	172067.0	173284.5	174453.0	175808.0	173139.7735	1167.0	1597.25	1993.5	2592.5	3751.8499999999995	2168.2995	1571.0	1805.0	1996.0	2180.5	2538.05	2012.9115
4956	3252008.5967390365	170446.9	171021.5	172495.0	172876.0	173168.0	172078.993	329.0	437.0	531.0	667.25	892.0	565.603	530.9	618.0	691.0	752.0	868.0	690.7405
4984	3249798.0561259408	169108.0	169428.0	172111.0	172757.0	174919.0	171875.333	136.95	180.0	228.0	269.0	353.14999999999986	231.95	246.0	279.0	303.0	332.0	379.04999999999995	306.5325
5012	3247584.120465434	205791.95	210305.0	210452.0	210512.0	210556.0	209707.058	55.0	81.0	107.0	143.0	217.0	118.325	70.0	84.0	97.0	112.0	137.0	99.747
5040	3245370.18480493	204979.0	205172.0	205269.0	207090.0	207202.0	205953.333	57.0	86.0	110.0	142.0	209.04999999999995	118.656	59.0	76.0	88.0	102.0	127.0	89.8035
5068	3243156.2491444224	212262.0	212393.0	212477.0	212563.25	212662.1	212478.136	73.95	105.0	132.0	175.0	259.0	145.503	75.0	93.0	105.0	122.0	152.0	108.3175
5096	3240942.3134839144	203186.95	203340.0	203461.0	206313.25	209837.0	204692.1065	93.0	131.0	166.0	218.25	316.04999999999995	181.616	101.0	120.0	138.0	159.0	193.0	141.559
5124	3238728.3778234096	216358.0	216890.0	217006.0	217125.0	217819.0	217015.025	60.0	84.0	110.0	143.25	207.0	118.958	69.0	86.0	99.0	113.0	136.0	100.469
5152	3236514.442162904	207811.9	210137.0	210644.0	210883.0	211592.0	210131.479	145.0	206.0	253.0	330.25	463.0	274.9155	151.0	179.0	203.0	230.0	270.0	205.4535
5180	3234300.506502394	209155.15	210792.0	211691.0	212108.5	213161.0	211467.089	488.0	648.0	819.0	1011.0	1398.0	860.0125	483.0	565.0	624.0	697.0	817.0	634.7515
5208	3232086.57084189	206055.95	206652.0	206996.0	207290.0	207643.0	206939.693	563.95	766.75	963.0	1202.0	1708.0	1027.087	596.95	686.0	758.0	846.0	981.0	771.3405
5236	3229872.6351813856	212680.9	213372.25	213786.5	214148.5	214594.0	213721.731	549.9	777.0	1005.5	1305.75	1865.3499999999997	1080.1595	735.0	828.0	905.0	996.0	1155.0	920.613
5264	3227658.699520875	208375.0	209889.0	210693.0	211339.0	212101.4	210540.7465	1280.9	1752.0	2176.0	2734.25	3901.1	2329.9535	1494.85	1675.0	1833.0	2041.25	2361.25	1871.1725
5292	3225444.7638603696	205383.9	206752.75	207663.0	209747.0	210954.0	208048.919	1016.25	1406.0	1772.0	2267.0	3283.0	1915.7265	1230.8	1389.0	1538.0	1704.0	1983.0	1563.544
5320	3223716.847198975	202854.9	203741.25	204326.0	204846.0	205468.15	204250.7935	972.0	1266.0	1508.0	1810.25	2380.0	1569.052	1325.95	1480.0	1616.0	1772.25	2027.0	1636.8045
5348	3222103.696098563	200426.9	201137.0	201827.0	202788.0	203901.0	201996.7005	328.0	434.0	527.0	649.0	870.05	556.526	546.95	614.0	669.0	730.0	840.0	676.773
5376	3220493.839835729	231945.55	232785.0	233707.0	234089.0	234613.0	233447.899	189.0	270.75	358.0	469.25	682.0999999999999	387.5235	235.0	276.0	308.0	343.0	413.0	313.654
5404	3218883.9835728966	224775.0	225663.75	226230.0	232214.0	233556.25	227881.512	482.95	670.0	829.0	1065.5	1591.0	900.36	495.0	574.0	639.0	712.0	849.0	650.5945
