decyear	cases	city
1944.0150581793291	180.0	london
1944.053388090349	271.0	london
1944.091718001369	423.0	london
1944.1300479123888	465.0	london
1944.1683778234087	523.0	london
1944.2067077344284	649.0	london
1944.2450376454483	624.0	london
1944.2833675564682	556.0	london
1944.321697467488	420.0	london
1944.3600273785078	423.0	london
1944.3983572895277	488.0	london
1944.4366872005476	441.0	london
1944.4750171115675	268.0	london
1944.5133470225874	260.0	london
1944.551676933607	163.0	london
1944.590006844627	83.0	london
1944.6283367556468	60.0	london
1944.6666666666667	41.0	london
1944.7049965776864	48.0	london
1944.7433264887063	65.0	london
1944.7816563997262	82.0	london
1944.8199863107461	145.0	london
1944.858316221766	122.0	london
1944.8966461327857	194.0	london
1944.9349760438056	237.0	london
1944.9733059548255	318.0	london
1945.0116358658454	450.0	london
1945.049965776865	671.0	london
1945.088295687885	1387.0	london
1945.1266255989049	1617.0	london
1945.1649555099248	2058.0	london
1945.2032854209447	3099.0	london
1945.2416153319643	3340.0	london
1945.2799452429842	2965.0	london
1945.3182751540041	1873.0	london
1945.356605065024	1641.0	london
1945.3949349760437	1122.0	london
1945.4332648870636	884.0	london
1945.4715947980835	591.0	london
1945.5099247091034	427.0	london
1945.5482546201233	282.0	london
1945.586584531143	174.0	london
1945.624914442163	127.0	london
1945.6632443531828	84.0	london
1945.7015742642027	97.0	london
1945.7399041752224	68.0	london
1945.7782340862423	88.0	london
1945.8165639972622	79.0	london
1945.854893908282	58.0	london
1945.8932238193017	85.0	london
1945.9315537303216	75.0	london
1945.9698836413415	121.0	london
1946.0082135523614	174.0	london
1946.0465434633813	209.0	london
1946.084873374401	458.0	london
1946.123203285421	742.0	london
1946.1615331964408	929.0	london
1946.1998631074607	1027.0	london
1946.2381930184804	1411.0	london
1946.2765229295003	1885.0	london
1946.3148528405202	2110.0	london
1946.35318275154	1764.0	london
1946.39151266256	2001.0	london
1946.4298425735797	2154.0	london
1946.4681724845996	1843.0	london
1946.5065023956195	1427.0	london
1946.5448323066394	970.0	london
1946.583162217659	726.0	london
1946.621492128679	416.0	london
1946.6598220396988	218.0	london
1946.6981519507187	160.0	london
1946.7364818617386	160.0	london
1946.7748117727583	188.0	london
1946.8131416837782	224.0	london
1946.851471594798	298.0	london
1946.889801505818	436.0	london
1946.9281314168377	482.0	london
1946.9664613278576	468.0	london
1947.0047912388775	650.0	london
1947.0431211498974	796.0	london
1947.0814510609173	1065.0	london
1947.119780971937	1241.0	london
1947.1581108829569	1230.0	london
1947.1964407939768	1012.0	london
1947.2347707049967	981.0	london
1947.2731006160163	1015.0	london
1947.3114305270362	771.0	london
1947.3497604380561	1031.0	london
1947.388090349076	1093.0	london
1947.4264202600957	1196.0	london
1947.4647501711156	1076.0	london
1947.5030800821355	1029.0	london
1947.5414099931554	828.0	london
1947.5797399041753	669.0	london
1947.618069815195	372.0	london
1947.6563997262149	171.0	london
1947.6947296372348	84.0	london
1947.7330595482547	71.0	london
1947.7713894592744	113.0	london
1947.8097193702943	108.0	london
1947.8480492813142	188.0	london
1947.886379192334	241.0	london
1947.924709103354	305.0	london
1947.9630390143736	248.0	london
1948.0013689253935	477.0	london
1948.0396988364134	524.0	london
1948.0780287474333	851.0	london
1948.116358658453	1415.0	london
1948.154688569473	2235.0	london
1948.1930184804928	2973.0	london
1948.2313483915127	3144.0	london
1948.2696783025326	3169.0	london
1948.3080082135523	2248.0	london
1948.3463381245722	1976.0	london
1948.384668035592	2128.0	london
1948.422997946612	1901.0	london
1948.4613278576317	1635.0	london
1948.4996577686516	1265.0	london
1948.5379876796715	1154.0	london
1948.5763175906914	887.0	london
1948.6146475017113	476.0	london
1948.652977412731	269.0	london
1948.6913073237508	171.0	london
1948.7296372347707	185.0	london
1948.7679671457906	157.0	london
1948.8062970568103	205.0	london
1948.8446269678302	231.0	london
1948.88295687885	262.0	london
1948.92128678987	333.0	london
1948.95961670089	290.0	london
1948.9979466119096	612.0	london
1949.0362765229295	677.0	london
1949.0746064339494	983.0	london
1949.1129363449693	1586.0	london
1949.151266255989	1912.0	london
1949.1895961670089	2265.0	london
1949.2279260780288	2761.0	london
1949.2662559890487	3388.0	london
1949.3045859000686	3240.0	london
1949.3429158110882	2278.0	london
1949.3812457221081	2058.0	london
1949.419575633128	1884.0	london
1949.457905544148	1521.0	london
1949.4962354551676	1237.0	london
1949.5345653661875	869.0	london
1949.5728952772074	576.0	london
1949.6112251882273	381.0	london
1949.649555099247	212.0	london
1949.6878850102669	108.0	london
1949.7262149212868	90.0	london
1949.7645448323067	72.0	london
1949.8028747433266	103.0	london
1949.8412046543463	61.0	london
1949.8795345653662	51.0	london
1949.917864476386	57.0	london
1949.956194387406	66.0	london
1949.9945242984256	90.0	london
1950.0328542094455	90.0	london
1950.0711841204654	66.0	london
1950.1095140314853	109.0	london
1950.1478439425052	120.0	london
1950.186173853525	114.0	london
1950.2245037645448	216.0	london
1950.2628336755647	262.0	london
1950.3011635865846	377.0	london
1950.3394934976043	403.0	london
1950.3778234086242	829.0	london
1950.416153319644	1091.0	london
1950.454483230664	1174.0	london
1950.4928131416839	1275.0	london
1950.5311430527036	1248.0	london
1950.5694729637235	1244.0	london
1950.6078028747434	836.0	london
1950.6461327857633	515.0	london
1950.684462696783	308.0	london
1950.7227926078028	418.0	london
1950.7611225188227	592.0	london
1950.7994524298426	837.0	london
1950.8377823408625	1056.0	london
1950.8761122518822	1593.0	london
1950.914442162902	2446.0	london
1950.952772073922	3090.0	london
1950.991101984942	4675.0	london
1951.0294318959616	4610.0	london
1951.0677618069815	4578.0	london
1951.1060917180014	6107.0	london
1951.1444216290213	7061.0	london
1951.182751540041	6637.0	london
1951.2210814510609	4878.0	london
1951.2594113620808	3693.0	london
1951.2977412731007	2228.0	london
1951.3360711841206	1752.0	london
1951.3744010951402	1449.0	london
1951.4127310061601	960.0	london
1951.45106091718	761.0	london
1951.4893908282	456.0	london
1951.5277207392196	342.0	london
1951.5660506502395	207.0	london
1951.6043805612594	127.0	london
1951.6427104722793	119.0	london
1951.6810403832992	85.0	london
1951.7193702943189	59.0	london
1951.7577002053388	54.0	london
1951.7960301163587	124.0	london
1951.8343600273786	115.0	london
1951.8726899383983	69.0	london
1951.9110198494182	58.0	london
1951.949349760438	44.0	london
1951.987679671458	65.0	london
1952.0260095824779	77.0	london
1952.0643394934975	91.0	london
1952.1026694045174	168.0	london
1952.1409993155373	276.0	london
1952.1793292265572	474.0	london
1952.217659137577	471.0	london
1952.2559890485968	441.0	london
1952.2943189596167	569.0	london
1952.3326488706366	462.0	london
1952.3709787816565	650.0	london
1952.4093086926762	1072.0	london
1952.447638603696	1384.0	london
1952.485968514716	1319.0	london
1952.5242984257359	1521.0	london
1952.5626283367556	1788.0	london
1952.6009582477755	1677.0	london
1952.6392881587954	985.0	london
1952.6776180698153	520.0	london
1952.7159479808352	626.0	london
1952.7542778918548	1236.0	london
1952.7926078028747	2058.0	london
1952.8309377138946	2241.0	london
1952.8692676249145	2337.0	london
1952.9075975359342	3048.0	london
1952.945927446954	3201.0	london
1952.984257357974	3701.0	london
1953.022587268994	3682.0	london
1953.0609171800138	2891.0	london
1953.0992470910335	3168.0	london
1953.1375770020534	3456.0	london
1953.1759069130733	2992.0	london
1953.2142368240932	2572.0	london
1953.2525667351129	1985.0	london
1953.2908966461328	1464.0	london
1953.3292265571527	788.0	london
1953.3675564681726	650.0	london
1953.4058863791922	566.0	london
1953.4442162902121	498.0	london
1953.482546201232	318.0	london
1953.520876112252	217.0	london
1953.5592060232718	145.0	london
1953.5975359342915	117.0	london
1953.6358658453114	49.0	london
1953.6741957563313	46.0	london
1953.7125256673512	29.0	london
1953.7508555783709	22.0	london
1953.7891854893908	32.0	london
1953.8275154004107	43.0	london
1953.8658453114306	39.0	london
1953.9041752224505	32.0	london
1953.9425051334701	29.0	london
1953.98083504449	10.0	london
1954.01916495551	31.0	london
1954.0574948665299	23.0	london
1954.0958247775495	35.0	london
1954.1341546885694	62.0	london
1954.1724845995893	74.0	london
1954.2108145106092	89.0	london
1954.2491444216291	112.0	london
1954.2874743326488	160.0	london
1954.3258042436687	143.0	london
1954.3641341546886	119.0	london
1954.4024640657085	110.0	london
1954.4407939767282	176.0	london
1954.479123887748	175.0	london
1954.517453798768	312.0	london
1954.5557837097879	316.0	london
1954.5941136208078	249.0	london
1954.6324435318274	186.0	london
1954.6707734428473	120.0	london
1954.7091033538672	167.0	london
1954.7474332648871	284.0	london
1954.7857631759068	389.0	london
1954.8240930869267	539.0	london
1954.8624229979466	471.0	london
1954.9007529089665	663.0	london
1954.9390828199862	1021.0	london
1954.977412731006	1538.0	london
1955.015742642026	1795.0	london
1955.054072553046	1793.0	london
1955.0924024640658	3240.0	london
1955.1307323750855	5096.0	london
1955.1690622861054	6038.0	london
1955.2073921971253	7022.0	london
1955.2457221081452	7192.0	london
1955.2840520191648	5905.0	london
1955.3223819301847	3025.0	london
1955.3607118412046	2025.0	london
1955.3990417522245	1715.0	london
1955.4373716632444	1428.0	london
1955.4757015742641	848.0	london
1955.514031485284	652.0	london
1955.552361396304	358.0	london
1955.5906913073238	254.0	london
1955.6290212183435	158.0	london
1955.6673511293634	96.0	london
1955.7056810403833	46.0	london
1955.7440109514032	61.0	london
1955.782340862423	74.0	london
1955.8206707734428	61.0	london
1955.8590006844627	66.0	london
1955.8973305954826	51.0	london
1955.9356605065025	33.0	london
1955.9739904175221	37.0	london
1956.012320328542	52.0	london
1956.050650239562	42.0	london
1956.0889801505818	77.0	london
1956.1273100616017	110.0	london
1956.1656399726214	130.0	london
1956.2039698836413	122.0	london
1956.2422997946612	151.0	london
1956.2806297056811	197.0	london
1956.3189596167008	174.0	london
1956.3572895277207	372.0	london
1956.3956194387406	565.0	london
1956.4339493497605	599.0	london
1956.4722792607804	654.0	london
1956.5106091718	634.0	london
1956.54893908282	650.0	london
1956.5872689938399	483.0	london
1956.6255989048598	431.0	london
1956.6639288158794	276.0	london
1956.7022587268993	183.0	london
1956.7405886379192	240.0	london
1956.7789185489391	336.0	london
1956.817248459959	388.0	london
1956.8555783709787	452.0	london
1956.8939082819986	580.0	london
1956.9322381930185	787.0	london
1956.9705681040384	835.0	london
1957.008898015058	1472.0	london
1957.047227926078	1362.0	london
1957.085557837098	2324.0	london
1957.1238877481178	3453.0	london
1957.1622176591375	4101.0	london
1957.2005475701574	3866.0	london
1957.2388774811773	3731.0	london
1957.2772073921972	3783.0	london
1957.315537303217	3420.0	london
1957.3538672142367	2038.0	london
1957.3921971252566	1964.0	london
1957.4305270362765	1820.0	london
1957.4688569472964	1336.0	london
1957.5071868583161	771.0	london
1957.545516769336	474.0	london
1957.583846680356	378.0	london
1957.6221765913758	238.0	london
1957.6605065023957	113.0	london
1957.6988364134154	56.0	london
1957.7371663244353	43.0	london
1957.7754962354552	51.0	london
1957.813826146475	46.0	london
1957.8521560574948	66.0	london
1957.8904859685147	68.0	london
1957.9288158795346	84.0	london
1957.9671457905545	58.0	london
1958.0054757015744	66.0	london
1958.043805612594	57.0	london
1958.082135523614	120.0	london
1958.1204654346338	242.0	london
1958.1587953456537	320.0	london
1958.1971252566734	372.0	london
1958.2354551676933	415.0	london
1958.2737850787132	725.0	london
1958.3121149897331	577.0	london
1958.350444900753	785.0	london
1958.3887748117727	1145.0	london
1958.4271047227926	1049.0	london
1958.4654346338125	990.0	london
1958.5037645448324	1020.0	london
1958.542094455852	1076.0	london
1958.580424366872	779.0	london
1958.6187542778919	504.0	london
1958.6570841889118	317.0	london
1958.6954140999314	194.0	london
1958.7337440109513	242.0	london
1958.7720739219712	362.0	london
1958.8104038329911	543.0	london
1958.848733744011	633.0	london
1958.8870636550307	785.0	london
1958.9253935660506	1194.0	london
1958.9637234770705	1283.0	london
1944.0150581793291	15.0	liverpool
1944.053388090349	16.0	liverpool
1944.091718001369	38.0	liverpool
1944.1300479123888	53.0	liverpool
1944.1683778234087	42.0	liverpool
1944.2067077344284	83.0	liverpool
1944.2450376454483	123.0	liverpool
1944.2833675564682	153.0	liverpool
1944.321697467488	108.0	liverpool
1944.3600273785078	105.0	liverpool
1944.3983572895277	151.0	liverpool
1944.4366872005476	176.0	liverpool
1944.4750171115675	179.0	liverpool
1944.5133470225874	256.0	liverpool
1944.551676933607	207.0	liverpool
1944.590006844627	158.0	liverpool
1944.6283367556468	122.0	liverpool
1944.6666666666667	133.0	liverpool
1944.7049965776864	173.0	liverpool
1944.7433264887063	304.0	liverpool
1944.7816563997262	429.0	liverpool
1944.8199863107461	447.0	liverpool
1944.858316221766	675.0	liverpool
1944.8966461327857	710.0	liverpool
1944.9349760438056	765.0	liverpool
1944.9733059548255	560.0	liverpool
1945.0116358658454	486.0	liverpool
1945.049965776865	471.0	liverpool
1945.088295687885	374.0	liverpool
1945.1266255989049	373.0	liverpool
1945.1649555099248	297.0	liverpool
1945.2032854209447	261.0	liverpool
1945.2416153319643	260.0	liverpool
1945.2799452429842	220.0	liverpool
1945.3182751540041	215.0	liverpool
1945.356605065024	183.0	liverpool
1945.3949349760437	155.0	liverpool
1945.4332648870636	124.0	liverpool
1945.4715947980835	92.0	liverpool
1945.5099247091034	81.0	liverpool
1945.5482546201233	58.0	liverpool
1945.586584531143	23.0	liverpool
1945.624914442163	29.0	liverpool
1945.6632443531828	68.0	liverpool
1945.7015742642027	34.0	liverpool
1945.7399041752224	43.0	liverpool
1945.7782340862423	42.0	liverpool
1945.8165639972622	54.0	liverpool
1945.854893908282	45.0	liverpool
1945.8932238193017	41.0	liverpool
1945.9315537303216	76.0	liverpool
1945.9698836413415	88.0	liverpool
1946.0082135523614	111.0	liverpool
1946.0465434633813	124.0	liverpool
1946.084873374401	148.0	liverpool
1946.123203285421	170.0	liverpool
1946.1615331964408	228.0	liverpool
1946.1998631074607	253.0	liverpool
1946.2381930184804	477.0	liverpool
1946.2765229295003	528.0	liverpool
1946.3148528405202	529.0	liverpool
1946.35318275154	406.0	liverpool
1946.39151266256	494.0	liverpool
1946.4298425735797	511.0	liverpool
1946.4681724845996	434.0	liverpool
1946.5065023956195	350.0	liverpool
1946.5448323066394	284.0	liverpool
1946.583162217659	144.0	liverpool
1946.621492128679	86.0	liverpool
1946.6598220396988	55.0	liverpool
1946.6981519507187	79.0	liverpool
1946.7364818617386	82.0	liverpool
1946.7748117727583	105.0	liverpool
1946.8131416837782	55.0	liverpool
1946.851471594798	84.0	liverpool
1946.889801505818	96.0	liverpool
1946.9281314168377	151.0	liverpool
1946.9664613278576	120.0	liverpool
1947.0047912388775	156.0	liverpool
1947.0431211498974	153.0	liverpool
1947.0814510609173	157.0	liverpool
1947.119780971937	185.0	liverpool
1947.1581108829569	221.0	liverpool
1947.1964407939768	230.0	liverpool
1947.2347707049967	345.0	liverpool
1947.2731006160163	245.0	liverpool
1947.3114305270362	264.0	liverpool
1947.3497604380561	421.0	liverpool
1947.388090349076	538.0	liverpool
1947.4264202600957	550.0	liverpool
1947.4647501711156	479.0	liverpool
1947.5030800821355	438.0	liverpool
1947.5414099931554	302.0	liverpool
1947.5797399041753	229.0	liverpool
1947.618069815195	148.0	liverpool
1947.6563997262149	45.0	liverpool
1947.6947296372348	41.0	liverpool
1947.7330595482547	38.0	liverpool
1947.7713894592744	49.0	liverpool
1947.8097193702943	39.0	liverpool
1947.8480492813142	30.0	liverpool
1947.886379192334	41.0	liverpool
1947.924709103354	75.0	liverpool
1947.9630390143736	62.0	liverpool
1948.0013689253935	96.0	liverpool
1948.0396988364134	105.0	liverpool
1948.0780287474333	143.0	liverpool
1948.116358658453	242.0	liverpool
1948.154688569473	495.0	liverpool
1948.1930184804928	564.0	liverpool
1948.2313483915127	794.0	liverpool
1948.2696783025326	860.0	liverpool
1948.3080082135523	806.0	liverpool
1948.3463381245722	863.0	liverpool
1948.384668035592	732.0	liverpool
1948.422997946612	563.0	liverpool
1948.4613278576317	346.0	liverpool
1948.4996577686516	184.0	liverpool
1948.5379876796715	127.0	liverpool
1948.5763175906914	96.0	liverpool
1948.6146475017113	88.0	liverpool
1948.652977412731	57.0	liverpool
1948.6913073237508	60.0	liverpool
1948.7296372347707	70.0	liverpool
1948.7679671457906	68.0	liverpool
1948.8062970568103	53.0	liverpool
1948.8446269678302	80.0	liverpool
1948.88295687885	110.0	liverpool
1948.92128678987	152.0	liverpool
1948.95961670089	102.0	liverpool
1948.9979466119096	151.0	liverpool
1949.0362765229295	126.0	liverpool
1949.0746064339494	82.0	liverpool
1949.1129363449693	183.0	liverpool
1949.151266255989	228.0	liverpool
1949.1895961670089	202.0	liverpool
1949.2279260780288	253.0	liverpool
1949.2662559890487	273.0	liverpool
1949.3045859000686	259.0	liverpool
1949.3429158110882	215.0	liverpool
1949.3812457221081	236.0	liverpool
1949.419575633128	313.0	liverpool
1949.457905544148	363.0	liverpool
1949.4962354551676	483.0	liverpool
1949.5345653661875	462.0	liverpool
1949.5728952772074	287.0	liverpool
1949.6112251882273	168.0	liverpool
1949.649555099247	136.0	liverpool
1949.6878850102669	112.0	liverpool
1949.7262149212868	125.0	liverpool
1949.7645448323067	134.0	liverpool
1949.8028747433266	141.0	liverpool
1949.8412046543463	176.0	liverpool
1949.8795345653662	165.0	liverpool
1949.917864476386	222.0	liverpool
1949.956194387406	271.0	liverpool
1949.9945242984256	495.0	liverpool
1950.0328542094455	576.0	liverpool
1950.0711841204654	725.0	liverpool
1950.1095140314853	888.0	liverpool
1950.1478439425052	1037.0	liverpool
1950.186173853525	895.0	liverpool
1950.2245037645448	838.0	liverpool
1950.2628336755647	683.0	liverpool
1950.3011635865846	494.0	liverpool
1950.3394934976043	446.0	liverpool
1950.3778234086242	363.0	liverpool
1950.416153319644	292.0	liverpool
1950.454483230664	244.0	liverpool
1950.4928131416839	173.0	liverpool
1950.5311430527036	171.0	liverpool
1950.5694729637235	138.0	liverpool
1950.6078028747434	102.0	liverpool
1950.6461327857633	66.0	liverpool
1950.684462696783	48.0	liverpool
1950.7227926078028	34.0	liverpool
1950.7611225188227	42.0	liverpool
1950.7994524298426	18.0	liverpool
1950.8377823408625	22.0	liverpool
1950.8761122518822	33.0	liverpool
1950.914442162902	31.0	liverpool
1950.952772073922	26.0	liverpool
1950.991101984942	23.0	liverpool
1951.0294318959616	40.0	liverpool
1951.0677618069815	76.0	liverpool
1951.1060917180014	103.0	liverpool
1951.1444216290213	155.0	liverpool
1951.182751540041	245.0	liverpool
1951.2210814510609	414.0	liverpool
1951.2594113620808	511.0	liverpool
1951.2977412731007	559.0	liverpool
1951.3360711841206	705.0	liverpool
1951.3744010951402	1069.0	liverpool
1951.4127310061601	1002.0	liverpool
1951.45106091718	898.0	liverpool
1951.4893908282	720.0	liverpool
1951.5277207392196	568.0	liverpool
1951.5660506502395	542.0	liverpool
1951.6043805612594	326.0	liverpool
1951.6427104722793	246.0	liverpool
1951.6810403832992	186.0	liverpool
1951.7193702943189	233.0	liverpool
1951.7577002053388	258.0	liverpool
1951.7960301163587	259.0	liverpool
1951.8343600273786	252.0	liverpool
1951.8726899383983	253.0	liverpool
1951.9110198494182	300.0	liverpool
1951.949349760438	326.0	liverpool
1951.987679671458	422.0	liverpool
1952.0260095824779	409.0	liverpool
1952.0643394934975	386.0	liverpool
1952.1026694045174	536.0	liverpool
1952.1409993155373	605.0	liverpool
1952.1793292265572	757.0	liverpool
1952.217659137577	689.0	liverpool
1952.2559890485968	566.0	liverpool
1952.2943189596167	548.0	liverpool
1952.3326488706366	474.0	liverpool
1952.3709787816565	559.0	liverpool
1952.4093086926762	623.0	liverpool
1952.447638603696	671.0	liverpool
1952.485968514716	422.0	liverpool
1952.5242984257359	364.0	liverpool
1952.5626283367556	233.0	liverpool
1952.6009582477755	96.0	liverpool
1952.6392881587954	67.0	liverpool
1952.6776180698153	32.0	liverpool
1952.7159479808352	34.0	liverpool
1952.7542778918548	63.0	liverpool
1952.7926078028747	58.0	liverpool
1952.8309377138946	48.0	liverpool
1952.8692676249145	53.0	liverpool
1952.9075975359342	70.0	liverpool
1952.945927446954	77.0	liverpool
1952.984257357974	95.0	liverpool
1953.022587268994	125.0	liverpool
1953.0609171800138	123.0	liverpool
1953.0992470910335	194.0	liverpool
1953.1375770020534	258.0	liverpool
1953.1759069130733	420.0	liverpool
1953.2142368240932	681.0	liverpool
1953.2525667351129	930.0	liverpool
1953.2908966461328	951.0	liverpool
1953.3292265571527	751.0	liverpool
1953.3675564681726	853.0	liverpool
1953.4058863791922	863.0	liverpool
1953.4442162902121	1033.0	liverpool
1953.482546201232	941.0	liverpool
1953.520876112252	600.0	liverpool
1953.5592060232718	472.0	liverpool
1953.5975359342915	253.0	liverpool
1953.6358658453114	90.0	liverpool
1953.6741957563313	73.0	liverpool
1953.7125256673512	41.0	liverpool
1953.7508555783709	68.0	liverpool
1953.7891854893908	53.0	liverpool
1953.8275154004107	52.0	liverpool
1953.8658453114306	55.0	liverpool
1953.9041752224505	50.0	liverpool
1953.9425051334701	38.0	liverpool
1953.98083504449	75.0	liverpool
1954.01916495551	63.0	liverpool
1954.0574948665299	50.0	liverpool
1954.0958247775495	61.0	liverpool
1954.1341546885694	96.0	liverpool
1954.1724845995893	129.0	liverpool
1954.2108145106092	196.0	liverpool
1954.2491444216291	241.0	liverpool
1954.2874743326488	223.0	liverpool
1954.3258042436687	249.0	liverpool
1954.3641341546886	251.0	liverpool
1954.4024640657085	277.0	liverpool
1954.4407939767282	424.0	liverpool
1954.479123887748	443.0	liverpool
1954.517453798768	467.0	liverpool
1954.5557837097879	552.0	liverpool
1954.5941136208078	477.0	liverpool
1954.6324435318274	358.0	liverpool
1954.6707734428473	272.0	liverpool
1954.7091033538672	345.0	liverpool
1954.7474332648871	331.0	liverpool
1954.7857631759068	428.0	liverpool
1954.8240930869267	471.0	liverpool
1954.8624229979466	581.0	liverpool
1954.9007529089665	589.0	liverpool
1954.9390828199862	612.0	liverpool
1954.977412731006	446.0	liverpool
1955.015742642026	484.0	liverpool
1955.054072553046	371.0	liverpool
1955.0924024640658	383.0	liverpool
1955.1307323750855	523.0	liverpool
1955.1690622861054	502.0	liverpool
1955.2073921971253	366.0	liverpool
1955.2457221081452	384.0	liverpool
1955.2840520191648	397.0	liverpool
1955.3223819301847	417.0	liverpool
1955.3607118412046	398.0	liverpool
1955.3990417522245	291.0	liverpool
1955.4373716632444	291.0	liverpool
1955.4757015742641	280.0	liverpool
1955.514031485284	249.0	liverpool
1955.552361396304	154.0	liverpool
1955.5906913073238	103.0	liverpool
1955.6290212183435	66.0	liverpool
1955.6673511293634	41.0	liverpool
1955.7056810403833	41.0	liverpool
1955.7440109514032	40.0	liverpool
1955.782340862423	27.0	liverpool
1955.8206707734428	29.0	liverpool
1955.8590006844627	141.0	liverpool
1955.8973305954826	35.0	liverpool
1955.9356605065025	42.0	liverpool
1955.9739904175221	31.0	liverpool
1956.012320328542	19.0	liverpool
1956.050650239562	37.0	liverpool
1956.0889801505818	66.0	liverpool
1956.1273100616017	93.0	liverpool
1956.1656399726214	66.0	liverpool
1956.2039698836413	55.0	liverpool
1956.2422997946612	48.0	liverpool
1956.2806297056811	108.0	liverpool
1956.3189596167008	176.0	liverpool
1956.3572895277207	239.0	liverpool
1956.3956194387406	394.0	liverpool
1956.4339493497605	414.0	liverpool
1956.4722792607804	467.0	liverpool
1956.5106091718	468.0	liverpool
1956.54893908282	532.0	liverpool
1956.5872689938399	381.0	liverpool
1956.6255989048598	285.0	liverpool
1956.6639288158794	202.0	liverpool
1956.7022587268993	196.0	liverpool
1956.7405886379192	213.0	liverpool
1956.7789185489391	260.0	liverpool
1956.817248459959	329.0	liverpool
1956.8555783709787	347.0	liverpool
1956.8939082819986	357.0	liverpool
1956.9322381930185	400.0	liverpool
1956.9705681040384	455.0	liverpool
1957.008898015058	680.0	liverpool
1957.047227926078	538.0	liverpool
1957.085557837098	875.0	liverpool
1957.1238877481178	948.0	liverpool
1957.1622176591375	1003.0	liverpool
1957.2005475701574	1300.0	liverpool
1957.2388774811773	1032.0	liverpool
1957.2772073921972	706.0	liverpool
1957.315537303217	474.0	liverpool
1957.3538672142367	453.0	liverpool
1957.3921971252566	412.0	liverpool
1957.4305270362765	391.0	liverpool
1957.4688569472964	292.0	liverpool
1957.5071868583161	274.0	liverpool
1957.545516769336	193.0	liverpool
1957.583846680356	162.0	liverpool
1957.6221765913758	126.0	liverpool
1957.6605065023957	90.0	liverpool
1957.6988364134154	47.0	liverpool
1957.7371663244353	20.0	liverpool
1957.7754962354552	15.0	liverpool
1957.813826146475	26.0	liverpool
1957.8521560574948	28.0	liverpool
1957.8904859685147	42.0	liverpool
1957.9288158795346	50.0	liverpool
1957.9671457905545	68.0	liverpool
1958.0054757015744	71.0	liverpool
1958.043805612594	54.0	liverpool
1958.082135523614	111.0	liverpool
1958.1204654346338	221.0	liverpool
1958.1587953456537	307.0	liverpool
1958.1971252566734	312.0	liverpool
1958.2354551676933	314.0	liverpool
1958.2737850787132	304.0	liverpool
1958.3121149897331	275.0	liverpool
1958.350444900753	255.0	liverpool
1958.3887748117727	320.0	liverpool
1958.4271047227926	354.0	liverpool
1958.4654346338125	455.0	liverpool
1958.5037645448324	563.0	liverpool
1958.542094455852	510.0	liverpool
1958.580424366872	437.0	liverpool
1958.6187542778919	295.0	liverpool
1958.6570841889118	147.0	liverpool
1958.6954140999314	111.0	liverpool
1958.7337440109513	97.0	liverpool
1958.7720739219712	123.0	liverpool
1958.8104038329911	187.0	liverpool
1958.848733744011	239.0	liverpool
1958.8870636550307	237.0	liverpool
1958.9253935660506	279.0	liverpool
1958.9637234770705	350.0	liverpool
1934.0	49.0	newyork
1934.038462	67.0	newyork
1934.076923	53.0	newyork
1934.115385	96.0	newyork
1934.153846	148.0	newyork
1934.192308	200.0	newyork
1934.230769	233.0	newyork
1934.269231	278.0	newyork
1934.307692	450.0	newyork
1934.346154	641.0	newyork
1934.384615	717.0	newyork
1934.423077	772.0	newyork
1934.461538	402.0	newyork
1934.5	270.0	newyork
1934.538462	136.0	newyork
1934.576923	70.0	newyork
1934.615385	34.0	newyork
1934.653846	18.0	newyork
1934.692308	27.0	newyork
1934.730769	16.0	newyork
1934.769231	18.0	newyork
1934.807692	29.0	newyork
1934.846154	30.0	newyork
1934.884615	54.0	newyork
1934.923077	79.0	newyork
1934.961538	104.0	newyork
1935.0	153.0	newyork
1935.038462	241.0	newyork
1935.076923	444.0	newyork
1935.115385	782.0	newyork
1935.153846	1385.0	newyork
1935.192308	2083.0	newyork
1935.230769	2825.0	newyork
1935.269231	3021.0	newyork
1935.307692	3467.0	newyork
1935.346154	3094.0	newyork
1935.384615	2767.0	newyork
1935.423077	3022.0	newyork
1935.461538	1829.0	newyork
1935.5	1202.0	newyork
1935.538462	626.0	newyork
1935.576923	288.0	newyork
1935.615385	142.0	newyork
1935.653846	67.0	newyork
1935.692308	29.0	newyork
1935.730769	38.0	newyork
1935.769231	47.0	newyork
1935.807692	86.0	newyork
1935.846154	128.0	newyork
1935.884615	193.0	newyork
1935.923077	217.0	newyork
1935.961538	228.0	newyork
1936.0	490.0	newyork
1936.038462	556.0	newyork
1936.076923	1152.0	newyork
1936.115385	1881.0	newyork
1936.153846	2824.0	newyork
1936.192308	3317.0	newyork
1936.230769	4104.0	newyork
1936.269231	3750.0	newyork
1936.307692	4115.0	newyork
1936.346154	4426.0	newyork
1936.384615	3357.0	newyork
1936.423077	2684.0	newyork
1936.461538	1718.0	newyork
1936.5	933.0	newyork
1936.538462	417.0	newyork
1936.576923	183.0	newyork
1936.615385	92.0	newyork
1936.653846	84.0	newyork
1936.692308	43.0	newyork
1936.730769	33.0	newyork
1936.769231	49.0	newyork
1936.807692	44.0	newyork
1936.846154	63.0	newyork
1936.884615	89.0	newyork
1936.923077	95.0	newyork
1936.961538	79.0	newyork
1937.0	127.0	newyork
1937.038462	112.0	newyork
1937.076923	105.0	newyork
1937.115385	282.0	newyork
1937.153846	375.0	newyork
1937.192308	551.0	newyork
1937.230769	829.0	newyork
1937.269231	1048.0	newyork
1937.307692	1409.0	newyork
1937.346154	1886.0	newyork
1937.384615	1675.0	newyork
1937.423077	1446.0	newyork
1937.461538	867.0	newyork
1937.5	532.0	newyork
1937.538462	252.0	newyork
1937.576923	121.0	newyork
1937.615385	107.0	newyork
1937.653846	72.0	newyork
1937.692308	18.0	newyork
1937.730769	36.0	newyork
1937.769231	48.0	newyork
1937.807692	57.0	newyork
1937.846154	67.0	newyork
1937.884615	57.0	newyork
1937.923077	43.0	newyork
1937.961538	64.0	newyork
1938.0	198.0	newyork
1938.038462	296.0	newyork
1938.076923	457.0	newyork
1938.115385	1070.0	newyork
1938.153846	1793.0	newyork
1938.192308	2861.0	newyork
1938.230769	3829.0	newyork
1938.269231	4987.0	newyork
1938.307692	4689.0	newyork
1938.346154	4111.0	newyork
1938.384615	3860.0	newyork
1938.423077	3241.0	newyork
1938.461538	1776.0	newyork
1938.5	759.0	newyork
1938.538462	382.0	newyork
1938.576923	153.0	newyork
1938.615385	71.0	newyork
1938.653846	43.0	newyork
1938.692308	35.0	newyork
1938.730769	25.0	newyork
1938.769231	31.0	newyork
1938.807692	31.0	newyork
1938.846154	44.0	newyork
1938.884615	84.0	newyork
1938.923077	79.0	newyork
1938.961538	70.0	newyork
1939.0	118.0	newyork
1939.038462	95.0	newyork
1939.076923	98.0	newyork
1939.115385	125.0	newyork
1939.153846	150.0	newyork
1939.192308	185.0	newyork
1939.230769	200.0	newyork
1939.269231	228.0	newyork
1939.307692	342.0	newyork
1939.346154	483.0	newyork
1939.384615	443.0	newyork
1939.423077	351.0	newyork
1939.461538	287.0	newyork
1939.5	186.0	newyork
1939.538462	87.0	newyork
1939.576923	61.0	newyork
1939.615385	48.0	newyork
1939.653846	27.0	newyork
1939.692308	22.0	newyork
1939.730769	18.0	newyork
1939.769231	32.0	newyork
1939.807692	27.0	newyork
1939.846154	20.0	newyork
1939.884615	38.0	newyork
1939.923077	44.0	newyork
1939.961538	47.0	newyork
1940.0	23.0	newyork
1940.038462	44.0	newyork
1940.076923	81.0	newyork
1940.115385	109.0	newyork
1940.153846	109.0	newyork
1940.192308	144.0	newyork
1940.230769	173.0	newyork
1940.269231	223.0	newyork
1940.307692	351.0	newyork
1940.346154	538.0	newyork
1940.384615	732.0	newyork
1940.423077	1030.0	newyork
1940.461538	884.0	newyork
1940.5	648.0	newyork
1940.538462	520.0	newyork
1940.576923	258.0	newyork
1940.615385	115.0	newyork
1940.653846	91.0	newyork
1940.692308	70.0	newyork
1940.730769	64.0	newyork
1940.769231	133.0	newyork
1940.807692	217.0	newyork
1940.846154	377.0	newyork
1940.884615	690.0	newyork
1940.923077	1004.0	newyork
1940.961538	1473.0	newyork
1941.0	2411.0	newyork
1941.038462	2537.0	newyork
1941.076923	3886.0	newyork
1941.115385	6700.0	newyork
1941.153846	9542.0	newyork
1941.192308	12391.0	newyork
1941.230769	13226.0	newyork
1941.269231	10725.0	newyork
1941.307692	7977.0	newyork
1941.346154	4749.0	newyork
1941.384615	2457.0	newyork
1941.423077	1680.0	newyork
1941.461538	788.0	newyork
1941.5	322.0	newyork
1941.538462	141.0	newyork
1941.576923	76.0	newyork
1941.615385	46.0	newyork
1941.653846	34.0	newyork
1941.692308	30.0	newyork
1941.730769	23.0	newyork
1941.769231	32.0	newyork
1941.807692	32.0	newyork
1941.846154	21.0	newyork
1941.884615	34.0	newyork
1941.923077	34.0	newyork
1941.961538	28.0	newyork
1942.0	55.0	newyork
1942.038462	78.0	newyork
1942.076923	91.0	newyork
1942.115385	79.0	newyork
1942.153846	91.0	newyork
1942.192308	112.0	newyork
1942.230769	141.0	newyork
1942.269231	227.0	newyork
1942.307692	197.0	newyork
1942.346154	293.0	newyork
1942.384615	272.0	newyork
1942.423077	182.0	newyork
1942.461538	110.0	newyork
1942.5	47.0	newyork
1942.538462	56.0	newyork
1942.576923	27.0	newyork
1942.615385	32.0	newyork
1942.653846	21.0	newyork
1942.692308	18.0	newyork
1942.730769	14.0	newyork
1942.769231	24.0	newyork
1942.807692	22.0	newyork
1942.846154	24.0	newyork
1942.884615	20.0	newyork
1942.923077	22.0	newyork
1942.961538	34.0	newyork
1943.0	76.0	newyork
1943.038462	156.0	newyork
1943.076923	361.0	newyork
1943.115385	520.0	newyork
1943.153846	709.0	newyork
1943.192308	1069.0	newyork
1943.230769	1461.0	newyork
1943.269231	1694.0	newyork
1943.307692	2412.0	newyork
1943.346154	2821.0	newyork
1943.384615	2924.0	newyork
1943.423077	2666.0	newyork
1943.461538	2080.0	newyork
1943.5	921.0	newyork
1943.538462	541.0	newyork
1943.576923	280.0	newyork
1943.615385	150.0	newyork
1943.653846	80.0	newyork
1943.692308	67.0	newyork
1943.730769	86.0	newyork
1943.769231	129.0	newyork
1943.807692	192.0	newyork
1943.846154	277.0	newyork
1943.884615	452.0	newyork
1943.923077	748.0	newyork
1943.961538	795.0	newyork
1944.0	1070.0	newyork
1944.038462	1224.0	newyork
1944.076923	2068.0	newyork
1944.115385	2678.0	newyork
1944.153846	3458.0	newyork
1944.192308	3911.0	newyork
1944.230769	3643.0	newyork
1944.269231	2742.0	newyork
1944.307692	1973.0	newyork
1944.346154	1315.0	newyork
1944.384615	670.0	newyork
1944.423077	719.0	newyork
1944.461538	264.0	newyork
1944.5	127.0	newyork
1944.538462	50.0	newyork
1944.576923	42.0	newyork
1944.615385	24.0	newyork
1944.653846	17.0	newyork
1944.692308	5.0	newyork
1944.730769	4.0	newyork
1944.769231	18.0	newyork
1944.807692	13.0	newyork
1944.846154	10.0	newyork
1944.884615	17.0	newyork
1944.923077	15.0	newyork
1944.961538	14.0	newyork
1945.0	18.0	newyork
1945.038462	34.0	newyork
1945.076923	31.0	newyork
1945.115385	24.0	newyork
1945.153846	90.0	newyork
1945.192308	56.0	newyork
1945.230769	80.0	newyork
1945.269231	107.0	newyork
1945.307692	83.0	newyork
1945.346154	93.0	newyork
1945.384615	113.0	newyork
1945.423077	173.0	newyork
1945.461538	180.0	newyork
1945.5	113.0	newyork
1945.538462	73.0	newyork
1945.576923	40.0	newyork
1945.615385	26.0	newyork
1945.653846	13.0	newyork
1945.692308	13.0	newyork
1945.730769	17.0	newyork
1945.769231	22.0	newyork
1945.807692	57.0	newyork
1945.846154	92.0	newyork
1945.884615	78.0	newyork
1945.923077	122.0	newyork
1945.961538	98.0	newyork
1946.0	228.0	newyork
1946.038462	353.0	newyork
1946.076923	582.0	newyork
1946.115385	896.0	newyork
1946.153846	2139.0	newyork
1946.192308	2311.0	newyork
1946.230769	2757.0	newyork
1946.269231	2979.0	newyork
1946.307692	3062.0	newyork
1946.346154	2149.0	newyork
1946.384615	1853.0	newyork
1946.423077	1414.0	newyork
1946.461538	779.0	newyork
1946.5	380.0	newyork
1946.538462	185.0	newyork
1946.576923	76.0	newyork
1946.615385	49.0	newyork
1946.653846	36.0	newyork
1946.692308	38.0	newyork
1946.730769	30.0	newyork
1946.769231	15.0	newyork
1946.807692	35.0	newyork
1946.846154	43.0	newyork
1946.884615	29.0	newyork
1946.923077	40.0	newyork
1946.961538	72.0	newyork
1947.0	104.0	newyork
1947.038462	103.0	newyork
1947.076923	139.0	newyork
1947.115385	190.0	newyork
1947.153846	244.0	newyork
1947.192308	352.0	newyork
1947.230769	340.0	newyork
1947.269231	522.0	newyork
1947.307692	650.0	newyork
1947.346154	800.0	newyork
1947.384615	754.0	newyork
1947.423077	871.0	newyork
1947.461538	694.0	newyork
1947.5	539.0	newyork
1947.538462	293.0	newyork
1947.576923	157.0	newyork
1947.615385	101.0	newyork
1947.653846	59.0	newyork
1947.692308	37.0	newyork
1947.730769	38.0	newyork
1947.769231	53.0	newyork
1947.807692	119.0	newyork
1947.846154	129.0	newyork
1947.884615	114.0	newyork
1947.923077	256.0	newyork
1947.961538	252.0	newyork
1948.0	717.0	newyork
1948.038462	945.0	newyork
1948.076923	1199.0	newyork
1948.115385	2165.0	newyork
1948.153846	2706.0	newyork
1948.192308	3045.0	newyork
1948.230769	3243.0	newyork
1948.269231	3228.0	newyork
1948.307692	3086.0	newyork
1948.346154	2894.0	newyork
1948.384615	2175.0	newyork
1948.423077	1749.0	newyork
1948.461538	875.0	newyork
1934.0	17.0	baltimore
1934.038462	38.0	baltimore
1934.076923	213.0	baltimore
1934.115385	540.0	baltimore
1934.153846	899.0	baltimore
1934.192308	1312.0	baltimore
1934.230769	1993.0	baltimore
1934.269231	2883.0	baltimore
1934.307692	3453.0	baltimore
1934.346154	3675.0	baltimore
1934.384615	2145.0	baltimore
1934.423077	903.0	baltimore
1934.461538	389.0	baltimore
1934.5	118.0	baltimore
1934.538462	20.0	baltimore
1934.576923	8.0	baltimore
1934.615385	2.0	baltimore
1934.653846	2.0	baltimore
1934.692308	5.0	baltimore
1934.730769	1.0	baltimore
1934.769231	2.0	baltimore
1934.807692	5.0	baltimore
1934.846154	18.0	baltimore
1934.884615	6.0	baltimore
1934.923077	5.0	baltimore
1934.961538	2.0	baltimore
1935.0	4.0	baltimore
1935.038462	64.0	baltimore
1935.076923	29.0	baltimore
1935.115385	15.0	baltimore
1935.153846	19.0	baltimore
1935.192308	34.0	baltimore
1935.230769	46.0	baltimore
1935.269231	45.0	baltimore
1935.307692	70.0	baltimore
1935.346154	71.0	baltimore
1935.384615	65.0	baltimore
1935.423077	60.0	baltimore
1935.461538	21.0	baltimore
1935.5	7.0	baltimore
1935.538462	3.0	baltimore
1935.576923	3.0	baltimore
1935.615385	0.0	baltimore
1935.653846	2.0	baltimore
1935.692308	1.0	baltimore
1935.730769	0.0	baltimore
1935.769231	0.0	baltimore
1935.807692	6.0	baltimore
1935.846154	3.0	baltimore
1935.884615	3.0	baltimore
1935.923077	5.0	baltimore
1935.961538	4.0	baltimore
1936.0	7.0	baltimore
1936.038462	19.0	baltimore
1936.076923	31.0	baltimore
1936.115385	53.0	baltimore
1936.153846	70.0	baltimore
1936.192308	95.0	baltimore
1936.230769	220.0	baltimore
1936.269231	250.0	baltimore
1936.307692	450.0	baltimore
1936.346154	683.0	baltimore
1936.384615	569.0	baltimore
1936.423077	480.0	baltimore
1936.461538	369.0	baltimore
1936.5	209.0	baltimore
1936.538462	150.0	baltimore
1936.576923	52.0	baltimore
1936.615385	24.0	baltimore
1936.653846	14.0	baltimore
1936.692308	14.0	baltimore
1936.730769	3.0	baltimore
1936.769231	1.0	baltimore
1936.807692	16.0	baltimore
1936.846154	25.0	baltimore
1936.884615	90.0	baltimore
1936.923077	165.0	baltimore
1936.961538	186.0	baltimore
1937.0	448.0	baltimore
1937.038462	487.0	baltimore
1937.076923	574.0	baltimore
1937.115385	817.0	baltimore
1937.153846	1238.0	baltimore
1937.192308	1458.0	baltimore
1937.230769	1374.0	baltimore
1937.269231	1019.0	baltimore
1937.307692	712.0	baltimore
1937.346154	553.0	baltimore
1937.384615	339.0	baltimore
1937.423077	193.0	baltimore
1937.461538	113.0	baltimore
1937.5	34.0	baltimore
1937.538462	16.0	baltimore
1937.576923	6.0	baltimore
1937.615385	2.0	baltimore
1937.653846	3.0	baltimore
1937.692308	4.0	baltimore
1937.730769	3.0	baltimore
1937.769231	5.0	baltimore
1937.807692	4.0	baltimore
1937.846154	5.0	baltimore
1937.884615	5.0	baltimore
1937.923077	4.0	baltimore
1937.961538	2.0	baltimore
1938.0	13.0	baltimore
1938.038462	9.0	baltimore
1938.076923	12.0	baltimore
1938.115385	6.0	baltimore
1938.153846	17.0	baltimore
1938.192308	17.0	baltimore
1938.230769	38.0	baltimore
1938.269231	28.0	baltimore
1938.307692	42.0	baltimore
1938.346154	62.0	baltimore
1938.384615	56.0	baltimore
1938.423077	60.0	baltimore
1938.461538	37.0	baltimore
1938.5	19.0	baltimore
1938.538462	15.0	baltimore
1938.576923	12.0	baltimore
1938.615385	9.0	baltimore
1938.653846	2.0	baltimore
1938.692308	15.0	baltimore
1938.730769	22.0	baltimore
1938.769231	37.0	baltimore
1938.807692	55.0	baltimore
1938.846154	68.0	baltimore
1938.884615	93.0	baltimore
1938.923077	137.0	baltimore
1938.961538	222.0	baltimore
1939.0	661.0	baltimore
1939.038462	1397.0	baltimore
1939.076923	1938.0	baltimore
1939.115385	2095.0	baltimore
1939.153846	1831.0	baltimore
1939.192308	1365.0	baltimore
1939.230769	912.0	baltimore
1939.269231	665.0	baltimore
1939.307692	462.0	baltimore
1939.346154	319.0	baltimore
1939.384615	144.0	baltimore
1939.423077	113.0	baltimore
1939.461538	46.0	baltimore
1939.5	9.0	baltimore
1939.538462	3.0	baltimore
1939.576923	3.0	baltimore
1939.615385	0.0	baltimore
1939.653846	1.0	baltimore
1939.692308	6.0	baltimore
1939.730769	4.0	baltimore
1939.769231	0.0	baltimore
1939.807692	4.0	baltimore
1939.846154	3.0	baltimore
1939.884615	4.0	baltimore
1939.923077	4.0	baltimore
1939.961538	2.0	baltimore
1940.0	1.0	baltimore
1940.038462	4.0	baltimore
1940.076923	4.0	baltimore
1940.115385	3.0	baltimore
1940.153846	3.0	baltimore
1940.192308	2.0	baltimore
1940.230769	2.0	baltimore
1940.269231	2.0	baltimore
1940.307692	1.0	baltimore
1940.346154	4.0	baltimore
1940.384615	10.0	baltimore
1940.423077	3.0	baltimore
1940.461538	5.0	baltimore
1940.5	2.0	baltimore
1940.538462	3.0	baltimore
1940.576923	1.0	baltimore
1940.615385	4.0	baltimore
1940.653846	4.0	baltimore
1940.692308	2.0	baltimore
1940.730769	2.0	baltimore
1940.769231	6.0	baltimore
1940.807692	5.0	baltimore
1940.846154	5.0	baltimore
1940.884615	4.0	baltimore
1940.923077	2.0	baltimore
1940.961538	3.0	baltimore
1941.0	12.0	baltimore
1941.038462	12.0	baltimore
1941.076923	8.0	baltimore
1941.115385	44.0	baltimore
1941.153846	64.0	baltimore
1941.192308	101.0	baltimore
1941.230769	183.0	baltimore
1941.269231	264.0	baltimore
1941.307692	311.0	baltimore
1941.346154	364.0	baltimore
1941.384615	468.0	baltimore
1941.423077	647.0	baltimore
1941.461538	497.0	baltimore
1941.5	376.0	baltimore
1941.538462	244.0	baltimore
1941.576923	101.0	baltimore
1941.615385	57.0	baltimore
1941.653846	25.0	baltimore
1941.692308	17.0	baltimore
1941.730769	16.0	baltimore
1941.769231	17.0	baltimore
1941.807692	16.0	baltimore
1941.846154	51.0	baltimore
1941.884615	100.0	baltimore
1941.923077	181.0	baltimore
1941.961538	204.0	baltimore
1942.0	350.0	baltimore
1942.038462	377.0	baltimore
1942.076923	388.0	baltimore
1942.115385	537.0	baltimore
1942.153846	712.0	baltimore
1942.192308	868.0	baltimore
1942.230769	867.0	baltimore
1942.269231	761.0	baltimore
1942.307692	642.0	baltimore
1942.346154	477.0	baltimore
1942.384615	237.0	baltimore
1942.423077	154.0	baltimore
1942.461538	57.0	baltimore
1942.5	32.0	baltimore
1942.538462	13.0	baltimore
1942.576923	6.0	baltimore
1942.615385	10.0	baltimore
1942.653846	7.0	baltimore
1942.692308	4.0	baltimore
1942.730769	6.0	baltimore
1942.769231	3.0	baltimore
1942.807692	2.0	baltimore
1942.846154	1.0	baltimore
1942.884615	5.0	baltimore
1942.923077	4.0	baltimore
1942.961538	1.0	baltimore
1943.0	10.0	baltimore
1943.038462	12.0	baltimore
1943.076923	23.0	baltimore
1943.115385	34.0	baltimore
1943.153846	60.0	baltimore
1943.192308	95.0	baltimore
1943.230769	105.0	baltimore
1943.269231	186.0	baltimore
1943.307692	283.0	baltimore
1943.346154	303.0	baltimore
1943.384615	244.0	baltimore
1943.423077	301.0	baltimore
1943.461538	179.0	baltimore
1943.5	101.0	baltimore
1943.538462	72.0	baltimore
1943.576923	42.0	baltimore
1943.615385	17.0	baltimore
1943.653846	10.0	baltimore
1943.692308	4.0	baltimore
1943.730769	7.0	baltimore
1943.769231	7.0	baltimore
1943.807692	9.0	baltimore
1943.846154	11.0	baltimore
1943.884615	24.0	baltimore
1943.923077	38.0	baltimore
1943.961538	59.0	baltimore
1944.0	135.0	baltimore
1944.038462	267.0	baltimore
1944.076923	712.0	baltimore
1944.115385	1158.0	baltimore
1944.153846	1594.0	baltimore
1944.192308	1845.0	baltimore
1944.230769	1608.0	baltimore
1944.269231	1329.0	baltimore
1944.307692	874.0	baltimore
1944.346154	543.0	baltimore
1944.384615	258.0	baltimore
1944.423077	114.0	baltimore
1944.461538	40.0	baltimore
1944.5	26.0	baltimore
1944.538462	4.0	baltimore
1944.576923	2.0	baltimore
1944.615385	2.0	baltimore
1944.653846	1.0	baltimore
1944.692308	2.0	baltimore
1944.730769	0.0	baltimore
1944.769231	3.0	baltimore
1944.807692	3.0	baltimore
1944.846154	3.0	baltimore
1944.884615	1.0	baltimore
1944.923077	1.0	baltimore
1944.961538	5.0	baltimore
1945.0	4.0	baltimore
1945.038462	12.0	baltimore
1945.076923	13.0	baltimore
1945.115385	9.0	baltimore
1945.153846	7.0	baltimore
1945.192308	14.0	baltimore
1945.230769	19.0	baltimore
1945.269231	19.0	baltimore
1945.307692	15.0	baltimore
1945.346154	12.0	baltimore
1945.384615	22.0	baltimore
1945.423077	10.0	baltimore
1945.461538	8.0	baltimore
1945.5	8.0	baltimore
1945.538462	4.0	baltimore
1945.576923	0.0	baltimore
1945.615385	2.0	baltimore
1945.653846	7.0	baltimore
1945.692308	1.0	baltimore
1945.730769	1.0	baltimore
1945.769231	1.0	baltimore
1945.807692	4.0	baltimore
1945.846154	3.0	baltimore
1945.884615	2.0	baltimore
1945.923077	5.0	baltimore
1945.961538	6.0	baltimore
1946.0	21.0	baltimore
1946.038462	47.0	baltimore
1946.076923	84.0	baltimore
1946.115385	248.0	baltimore
1946.153846	463.0	baltimore
1946.192308	638.0	baltimore
1946.230769	874.0	baltimore
1946.269231	769.0	baltimore
1946.307692	935.0	baltimore
1946.346154	896.0	baltimore
1946.384615	946.0	baltimore
1946.423077	1010.0	baltimore
1946.461538	650.0	baltimore
1946.5	379.0	baltimore
1946.538462	164.0	baltimore
1946.576923	69.0	baltimore
1946.615385	25.0	baltimore
1946.653846	6.0	baltimore
1946.692308	8.0	baltimore
1946.730769	2.0	baltimore
1946.769231	2.0	baltimore
1946.807692	5.0	baltimore
1946.846154	5.0	baltimore
1946.884615	7.0	baltimore
1946.923077	12.0	baltimore
1946.961538	16.0	baltimore
1947.0	11.0	baltimore
1947.038462	8.0	baltimore
1947.076923	9.0	baltimore
1947.115385	13.0	baltimore
1947.153846	13.0	baltimore
1947.192308	6.0	baltimore
1947.230769	23.0	baltimore
1947.269231	11.0	baltimore
1947.307692	28.0	baltimore
1947.346154	24.0	baltimore
1947.384615	41.0	baltimore
1947.423077	34.0	baltimore
1947.461538	15.0	baltimore
1947.5	13.0	baltimore
1947.538462	4.0	baltimore
1947.576923	10.0	baltimore
1947.615385	6.0	baltimore
1947.653846	4.0	baltimore
1947.692308	2.0	baltimore
1947.730769	2.0	baltimore
1947.769231	2.0	baltimore
1947.807692	2.0	baltimore
1947.846154	2.0	baltimore
1947.884615	1.0	baltimore
1947.923077	2.0	baltimore
1947.961538	3.0	baltimore
1948.0	4.0	baltimore
1948.038462	10.0	baltimore
1948.076923	5.0	baltimore
1948.115385	24.0	baltimore
1948.153846	40.0	baltimore
1948.192308	65.0	baltimore
1948.230769	105.0	baltimore
1948.269231	191.0	baltimore
1948.307692	617.0	baltimore
1948.346154	1073.0	baltimore
1948.384615	1302.0	baltimore
1948.423077	1666.0	baltimore
1948.461538	1147.0	baltimore
